"","word","modality","avg_expressibility_norm","n","diff_expr","diff_rank"
"1","aanraken","gesture",0.68030909615,58,0.554834760807143,103
"2","aanraken","multimodal",0.73220812545,56,0.554834760807143,103
"3","aanraken","vocal",0.177373364642857,159,0.554834760807143,103
"4","aarde","gesture",0.5439545472,96,0.37346712335,72
"5","aarde","multimodal",0.49785965295,122,0.37346712335,72
"6","aarde","vocal",0.17048742385,168,0.37346712335,72
"7","ademen","gesture",0.765703421954545,38,0.0747353960704545,31
"8","ademen","multimodal",0.840438818025,17,0.0747353960704545,31
"9","ademen","vocal",0.81868105205,7,0.0747353960704545,31
"10","alles","gesture",0.360792962325,158,0.317359555735526,47
"11","alles","multimodal",0.398006536210526,160,0.317359555735526,47
"12","alles","vocal",0.080646980475,205,0.317359555735526,47
"13","arm (lichaam)","gesture",0.52600773335,107,0.538085127829762,120
"14","arm (lichaam)","multimodal",0.617897712425,86,0.538085127829762,120
"15","arm (lichaam)","vocal",0.0798125845952381,206,0.538085127829762,120
"16","as","gesture",0.285584997921053,175,0.177538483802005,29
"17","as","multimodal",0.175985345809524,204,0.177538483802005,29
"18","as","vocal",0.108046514119048,197,0.177538483802005,29
"19","badderen","gesture",0.5026380587,117,0.16803986975,79
"20","badderen","multimodal",0.440789722690476,148,0.16803986975,79
"21","badderen","vocal",0.33459818895,69,0.16803986975,79
"22","bang","gesture",0.689590505809524,57,0.118135777615476,38
"23","bang","multimodal",0.807726283425,34,0.118135777615476,38
"24","bang","vocal",0.717775622931818,19,0.118135777615476,38
"25","been","gesture",0.53663134325,101,0.341157617075,40
"26","been","multimodal",0.485939934425,125,0.341157617075,40
"27","been","vocal",0.195473726175,141,0.341157617075,40
"28","beneden","gesture",0.5360202085,103,0.535888895377193,101
"29","beneden","multimodal",0.710654126210526,59,0.535888895377193,101
"30","beneden","vocal",0.174765230833333,160,0.535888895377193,101
"31","berg","gesture",0.631404694928571,73,0.399789512065909,22
"32","berg","multimodal",0.670873185090909,72,0.399789512065909,22
"33","berg","vocal",0.271083673025,94,0.399789512065909,22
"34","bijten","gesture",0.837969670625,21,0.159944371863095,15
"35","bijten","multimodal",0.805057314868421,36,0.159944371863095,15
"36","bijten","vocal",0.678025298761905,25,0.159944371863095,15
"37","bitter","gesture",0.21737529575,194,0.220675803702381,71
"38","bitter","multimodal",0.438051099452381,150,0.220675803702381,71
"39","bitter","vocal",0.223094456225,123,0.220675803702381,71
"40","blad","gesture",0.369348386815789,153,0.184974657571429,26
"41","blad","multimodal",0.383152066571429,163,0.184974657571429,26
"42","blad","vocal",0.198177409,137,0.184974657571429,26
"43","blauw","gesture",0.204086064972222,197,0.196836050922368,23
"44","blauw","multimodal",0.315064972475,174,0.196836050922368,23
"45","blauw","vocal",0.118228921552632,193,0.196836050922368,23
"46","blazen","gesture",0.632549236625,72,0.235922776269737,67
"47","blazen","multimodal",0.868472012894737,10,0.235922776269737,67
"48","blazen","vocal",0.844697994904762,5,0.235922776269737,67
"49","blij","gesture",0.868772011428571,10,0.274256859785714,20
"50","blij","multimodal",0.812882190380952,29,0.274256859785714,20
"51","blij","vocal",0.594515151642857,30,0.274256859785714,20
"52","bliksem","gesture",0.5045853588,114,0.0793549610684211,80
"53","bliksem","multimodal",0.583940319868421,101,0.0793549610684211,80
"54","bliksem","vocal",0.555583959386364,34,0.0793549610684211,80
"55","bloed","gesture",0.482624660325,123,0.2936633112,35
"56","bloed","multimodal",0.40322871047619,158,0.2936633112,35
"57","bloed","vocal",0.188961349125,147,0.2936633112,35
"58","boos","gesture",0.824699827175,23,0.0660194216547618,11
"59","boos","multimodal",0.83742786725,20,0.0660194216547618,11
"60","boos","vocal",0.771408445595238,12,0.0660194216547618,11
"61","borst","gesture",0.515123725825,111,0.435149567363636,50
"62","borst","multimodal",0.642992189931818,79,0.435149567363636,50
"63","borst","vocal",0.207842622568182,129,0.435149567363636,50
"64","bot (kenmerk, niet lichaam)","gesture",0.222973106775,189,0.062092827025,87
"65","bot (kenmerk, niet lichaam)","multimodal",0.2850659338,189,0.062092827025,87
"66","bot (kenmerk, niet lichaam)","vocal",0.25908941347619,102,0.062092827025,87
"67","bot (lichaam)","gesture",0.4195848068,136,0.343046242857143,38
"68","bot (lichaam)","multimodal",0.529557320880952,113,0.343046242857143,38
"69","bot (lichaam)","vocal",0.18651107802381,151,0.343046242857143,38
"70","boven","gesture",0.740669611,43,0.4749065643,56
"71","boven","multimodal",0.699386417022727,64,0.4749065643,56
"72","boven","vocal",0.2657630467,99,0.4749065643,56
"73","dij","gesture",0.3666996744,155,0.295800239285714,49
"74","dij","multimodal",0.380047675833333,164,0.295800239285714,49
"75","dij","vocal",0.084247436547619,204,0.295800239285714,49
"76","dik","gesture",0.774052405772727,37,0.568601160238095,83
"77","dik","multimodal",0.826013715666667,22,0.568601160238095,83
"78","dik","vocal",0.257412555428571,105,0.568601160238095,83
"79","dit","gesture",0.306892856738095,171,0.0740726248696742,69
"80","dit","multimodal",0.289761406225,188,0.0740726248696742,69
"81","dit","vocal",0.232820231868421,119,0.0740726248696742,69
"82","doen","gesture",0.200794256583333,198,0.0529958276622807,21
"83","doen","multimodal",0.158535167166667,205,0.0529958276622807,21
"84","doen","vocal",0.147798428921053,184,0.0529958276622807,21
"85","donker","gesture",0.418003817619048,137,0.260591141052273,13
"86","donker","multimodal",0.447810451575,146,0.260591141052273,13
"87","donker","vocal",0.187219310522727,150,0.260591141052273,13
"88","dood","gesture",0.815517407025,28,0.401950775375,23
"89","dood","multimodal",0.784267666681818,45,0.401950775375,23
"90","dood","vocal",0.41356663165,51,0.401950775375,23
"91","dragen","gesture",0.611329607880952,77,0.420788644355952,69
"92","dragen","multimodal",0.567911916857143,106,0.420788644355952,69
"93","dragen","vocal",0.190540963525,146,0.420788644355952,69
"94","drinken","gesture",0.869970859428571,9,0.189916091952381,28
"95","drinken","multimodal",0.801573572275,37,0.189916091952381,28
"96","drinken","vocal",0.68005476747619,24,0.189916091952381,28
"97","dromen","gesture",0.502891987333333,116,0.266398165533333,10
"98","dromen","multimodal",0.485668123825,126,0.266398165533333,10
"99","dromen","vocal",0.2364938218,116,0.266398165533333,10
"100","droog","gesture",0.23746789725,186,0.056957090118421,101
"101","droog","multimodal",0.294424987368421,185,0.056957090118421,101
"102","droog","vocal",0.28223406105,85,0.056957090118421,101
"103","één","gesture",0.902057714214286,2,0.696073217056391,129
"104","één","multimodal",0.8721747393,9,0.696073217056391,129
"105","één","vocal",0.205984497157895,131,0.696073217056391,129
"106","ei","gesture",0.518119559025,110,0.336557670289474,12
"107","ei","multimodal",0.589916989,98,0.336557670289474,12
"108","ei","vocal",0.253359318710526,107,0.336557670289474,12
"109","eten","gesture",0.86426562735,13,0.162313365040476,30
"110","eten","multimodal",0.789264610710526,43,0.162313365040476,30
"111","eten","vocal",0.701952262309524,21,0.162313365040476,30
"112","fluisteren","gesture",0.575180307238095,89,0.211473007986905,76
"113","fluisteren","multimodal",0.786653315225,44,0.211473007986905,76
"114","fluisteren","vocal",0.768121871295455,13,0.211473007986905,76
"115","fruit","gesture",0.428201814809524,134,0.223546653572682,32
"116","fruit","multimodal",0.372027340190476,165,0.223546653572682,32
"117","fruit","vocal",0.204655161236842,133,0.223546653572682,32
"118","gaan","gesture",0.481416819761905,124,0.283616335225,11
"119","gaan","multimodal",0.4856012015,127,0.283616335225,11
"120","gaan","vocal",0.201984866275,135,0.283616335225,11
"121","geel","gesture",0.115368080375,205,0.0968182214821428,56
"122","geel","multimodal",0.212186301857143,197,0.0968182214821428,56
"123","geel","vocal",0.188462207477273,149,0.0968182214821428,56
"124","geur","gesture",0.553221136952381,95,0.42519517898445,44
"125","geur","multimodal",0.743114365552632,51,0.42519517898445,44
"126","geur","vocal",0.317919186568182,74,0.42519517898445,44
"127","geurig","gesture",0.417767235738095,138,0.137340331049199,76
"128","geurig","multimodal",0.514338040657895,118,0.137340331049199,76
"129","geurig","vocal",0.376997709608696,62,0.137340331049199,76
"130","geven","gesture",0.697991415809524,55,0.428587524044818,40
"131","geven","multimodal",0.671151307840909,71,0.428587524044818,40
"132","geven","vocal",0.269403891764706,95,0.428587524044818,40
"133","gezond","gesture",0.245392808264706,184,0.0653848164010695,42
"134","gezond","multimodal",0.207059851175,198,0.0653848164010695,42
"135","gezond","vocal",0.180007991863636,156,0.0653848164010695,42
"136","gisteren","gesture",0.308869357475,170,0.14485084365,21
"137","gisteren","multimodal",0.273764142357143,191,0.14485084365,21
"138","gisteren","vocal",0.164018513825,174,0.14485084365,21
"139","glad","gesture",0.54258701785,98,0.249069573925,49
"140","glad","multimodal",0.483505533325,129,0.249069573925,49
"141","glad","vocal",0.293517443925,80,0.249069573925,49
"142","goed","gesture",0.723848788727273,47,0.298319216009881,19
"143","goed","multimodal",0.69582648885,66,0.298319216009881,19
"144","goed","vocal",0.425529572717391,47,0.298319216009881,19
"145","gooien","gesture",0.882611373428571,7,0.604164954103571,82
"146","gooien","multimodal",0.823519724785714,24,0.604164954103571,82
"147","gooien","vocal",0.278446419325,89,0.604164954103571,82
"148","groen","gesture",0.21050517675,196,0.0415211500833333,33
"149","groen","multimodal",0.178649543775,202,0.0415211500833333,33
"150","groen","vocal",0.168984026666667,169,0.0415211500833333,33
"151","grommen","gesture",0.407591574684211,141,0.402295707030075,133
"152","grommen","multimodal",0.795961198159091,40,0.402295707030075,133
"153","grommen","vocal",0.809887281714286,8,0.402295707030075,133
"154","groot","gesture",0.788787937523809,33,0.469237472340909,36
"155","groot","multimodal",0.810998554136364,30,0.469237472340909,36
"156","groot","vocal",0.341761081795455,66,0.469237472340909,36
"157","haar","gesture",0.588440212952381,83,0.449267074090476,65
"158","haar","multimodal",0.6407802389,80,0.449267074090476,65
"159","haar","vocal",0.191513164809524,145,0.449267074090476,65
"160","hand","gesture",0.655758577357143,65,0.488834270534091,89
"161","hand","multimodal",0.670684068875,73,0.488834270534091,89
"162","hand","vocal",0.181849798340909,154,0.488834270534091,89
"163","hard","gesture",0.406700899380952,142,0.0606452296333333,88
"164","hard","multimodal",0.4563091618,143,0.0606452296333333,88
"165","hard","vocal",0.395663932166667,55,0.0606452296333333,88
"166","hartig","gesture",0.117691074904762,204,0.118993236119048,19
"167","hartig","multimodal",0.23668431102381,194,0.118993236119048,19
"168","hartig","vocal",0.146680287190476,185,0.118993236119048,19
"169","heden","gesture",0.264501402363636,180,0.164293507977273,12
"170","heden","multimodal",0.296230902977273,182,0.164293507977273,12
"171","heden","vocal",0.131937395,192,0.164293507977273,12
"172","heet","gesture",0.835045079380952,22,0.308049028555952,16
"173","heet","multimodal",0.801214337227273,38,0.308049028555952,16
"174","heet","vocal",0.526996050825,37,0.308049028555952,16
"175","het","gesture",0.11103755215,206,0.0275255195,17
"176","het","multimodal",0.10767776102381,206,0.0275255195,17
"177","het","vocal",0.13520328052381,189,0.0275255195,17
"178","hij","gesture",0.270915819977273,177,0.181042783681818,55
"179","hij","multimodal",0.404208344931818,157,0.181042783681818,55
"180","hij","vocal",0.22316556125,122,0.181042783681818,55
"181","hoekig","gesture",0.607616180045455,78,0.449466462152273,86
"182","hoekig","multimodal",0.621156887727273,85,0.449466462152273,86
"183","hoekig","vocal",0.171690425575,164,0.449466462152273,86
"184","hond","gesture",0.636934440425,69,0.253361396675,67
"185","hond","multimodal",0.850799193928571,13,0.253361396675,67
"186","hond","vocal",0.8902958371,2,0.253361396675,67
"187","honing","gesture",0.198198030047619,199,0.178469986291126,44
"188","honing","multimodal",0.359710243404762,166,0.178469986291126,44
"189","honing","vocal",0.181240257113636,155,0.178469986291126,44
"190","hoog","gesture",0.79812982,30,0.554320356789474,80
"191","hoog","multimodal",0.783098603318182,46,0.554320356789474,80
"192","hoog","vocal",0.243809463210526,110,0.554320356789474,80
"193","hoorn","gesture",0.581456385204545,85,0.1990768642875,118
"194","hoorn","multimodal",0.4555847824375,144,0.1990768642875,118
"195","hoorn","vocal",0.654661646725,26,0.1990768642875,118
"196","horen","gesture",0.794141702225,31,0.557231742439286,84
"197","horen","multimodal",0.76195280315,47,0.557231742439286,84
"198","horen","vocal",0.236909959785714,115,0.557231742439286,84
"199","hout","gesture",0.22209591225,191,0.087378044575,29
"200","hout","multimodal",0.260020047575,192,0.087378044575,29
"201","hout","vocal",0.172642003,163,0.087378044575,29
"202","huid","gesture",0.479448822842105,125,0.281218107467105,17
"203","huid","multimodal",0.4588503836,142,0.281218107467105,17
"204","huid","vocal",0.198230715375,136,0.281218107467105,17
"205","huilen","gesture",0.8630299231,14,0.01826755135,12
"206","huilen","multimodal",0.84476237175,16,0.01826755135,12
"207","huilen","vocal",0.85183381325,4,0.01826755135,12
"208","huis","gesture",0.722037498886364,48,0.549018575748684,82
"209","huis","multimodal",0.756418594275,48,0.549018575748684,82
"210","huis","vocal",0.207400018526316,130,0.549018575748684,82
"211","ik","gesture",0.708613995977273,50,0.386883301677273,22
"212","ik","multimodal",0.680604769125,68,0.386883301677273,22
"213","ik","vocal",0.3217306943,72,0.386883301677273,22
"214","in","gesture",0.44906576752381,131,0.285395609471178,44
"215","in","multimodal",0.429028977181818,151,0.285395609471178,44
"216","in","vocal",0.163670158052632,175,0.285395609471178,44
"217","jagen","gesture",0.657882137214286,64,0.458318778391667,36
"218","jagen","multimodal",0.735429543225,54,0.458318778391667,36
"219","jagen","vocal",0.277110764833333,90,0.458318778391667,36
"220","jeuk","gesture",0.888748077931818,6,0.472417546265152,44
"221","jeuk","multimodal",0.878195253975,8,0.472417546265152,44
"222","jeuk","vocal",0.416330531666667,50,0.472417546265152,44
"223","jij","gesture",0.560162717785714,92,0.32696788552381,53
"224","jij","multimodal",0.449050867275,145,0.32696788552381,53
"225","jij","vocal",0.233194832261905,118,0.32696788552381,53
"226","kat","gesture",0.667420333809524,61,0.21966841960352,58
"227","kat","multimodal",0.821306248547619,25,0.21966841960352,58
"228","kat","vocal",0.887088753413043,3,0.21966841960352,58
"229","kauwen","gesture",0.704450283975,53,0.124962421425,38
"230","kauwen","multimodal",0.8294127054,21,0.124962421425,38
"231","kauwen","vocal",0.7594036156,15,0.124962421425,38
"232","kind","gesture",0.543520229225,97,0.145503480854637,54
"233","kind","multimodal",0.587085581973684,99,0.145503480854637,54
"234","kind","vocal",0.441582101119048,45,0.145503480854637,54
"235","kleding","gesture",0.494909243710526,121,0.390769782032895,36
"236","kleding","multimodal",0.603747383657895,91,0.390769782032895,36
"237","kleding","vocal",0.212977601625,127,0.390769782032895,36
"238","klein","gesture",0.82393333795,24,0.5481549898,68
"239","klein","multimodal",0.809196696673913,32,0.5481549898,68
"240","klein","vocal",0.27577834815,92,0.5481549898,68
"241","knie","gesture",0.381211032525,149,0.313391666142857,51
"242","knie","multimodal",0.406674049880952,155,0.313391666142857,51
"243","knie","vocal",0.0932823837380952,200,0.313391666142857,51
"244","knopen","gesture",0.484352516880952,122,0.306843192428571,36
"245","knopen","multimodal",0.4652889203,138,0.306843192428571,36
"246","knopen","vocal",0.177509324452381,158,0.306843192428571,36
"247","komen","gesture",0.4022516599,143,0.119088763329762,76
"248","komen","multimodal",0.438133063925,149,0.119088763329762,76
"249","komen","vocal",0.319044300595238,73,0.119088763329762,76
"250","kort","gesture",0.651223596447368,66,0.454434273372368,73
"251","kort","multimodal",0.602921879404762,92,0.454434273372368,73
"252","kort","vocal",0.196789323075,139,0.454434273372368,73
"253","kotsen","gesture",0.806750699714286,29,0.0758189501428571,23
"254","kotsen","multimodal",0.882569649857143,6,0.0758189501428571,23
"255","kotsen","vocal",0.835129858309524,6,0.0758189501428571,23
"256","koud","gesture",0.908161665619048,1,0.148044496187229,30
"257","koud","multimodal",0.809640792894737,31,0.148044496187229,30
"258","koud","vocal",0.760117169431818,14,0.148044496187229,30
"259","kruipen","gesture",0.850389842575,18,0.636223726311842,107
"260","kruipen","multimodal",0.805883233394737,35,0.636223726311842,107
"261","kruipen","vocal",0.214166116263158,125,0.636223726311842,107
"262","laag (ruimtelijk)","gesture",0.695325264704545,56,0.511122175136364,97
"263","laag (ruimtelijk)","multimodal",0.59788202535,95,0.511122175136364,97
"264","laag (ruimtelijk)","vocal",0.184203089568182,153,0.511122175136364,97
"265","lachen","gesture",0.840261201931818,19,0.0682701307045455,18
"266","lachen","multimodal",0.886460939815789,3,0.0682701307045455,18
"267","lachen","vocal",0.908531332636364,1,0.0682701307045455,18
"268","lang","gesture",0.778863143477273,36,0.625681265361111,134
"269","lang","multimodal",0.794333181333333,41,0.625681265361111,134
"270","lang","vocal",0.168651915972222,170,0.625681265361111,134
"271","langzaam","gesture",0.700859430404762,54,0.350402565354762,15
"272","langzaam","multimodal",0.678570710047619,69,0.350402565354762,15
"273","langzaam","vocal",0.35045686505,65,0.350402565354762,15
"274","lepel","gesture",0.73986617581579,44,0.578266400482456,133
"275","lepel","multimodal",0.658632958375,77,0.578266400482456,133
"276","lepel","vocal",0.161599775333333,177,0.578266400482456,133
"277","levend","gesture",0.348091309909091,161,0.127331931261364,73
"278","levend","multimodal",0.405838855886364,156,0.127331931261364,73
"279","levend","vocal",0.278506924625,88,0.127331931261364,73
"280","lever","gesture",0.268061138194444,178,0.203919136126263,24
"281","lever","multimodal",0.291634256444444,186,0.203919136126263,24
"282","lever","vocal",0.0877151203181818,202,0.203919136126263,24
"283","licht","gesture",0.458000099722222,129,0.278861264153571,23
"284","licht","multimodal",0.463631279428571,140,0.278861264153571,23
"285","licht","vocal",0.184770015275,152,0.278861264153571,23
"286","likken","gesture",0.747621146214286,41,0.125923734527381,19
"287","likken","multimodal",0.824968848575,23,0.125923734527381,19
"288","likken","vocal",0.699045114047619,22,0.125923734527381,19
"289","lopen","gesture",0.856217997175,16,0.612526673357143,81
"290","lopen","multimodal",0.905160979071429,1,0.612526673357143,81
"291","lopen","vocal",0.292634305714286,82,0.612526673357143,81
"292","lucht","gesture",0.39548146425,145,0.103088372928571,89
"293","lucht","multimodal",0.493853530380952,124,0.103088372928571,89
"294","lucht","vocal",0.390765157452381,56,0.103088372928571,89
"295","luidruchtig","gesture",0.625635216840909,75,0.0247257054318182,60
"296","luidruchtig","multimodal",0.610711817775,89,0.0247257054318182,60
"297","luidruchtig","vocal",0.600909511409091,29,0.0247257054318182,60
"298","luis","gesture",0.416853400078947,139,0.1593328584599,58
"299","luis","multimodal",0.39691396975,161,0.1593328584599,58
"300","luis","vocal",0.257520541619048,103,0.1593328584599,58
"301","maken","gesture",0.256245906105263,181,0.205610936590909,22
"302","maken","multimodal",0.310729416727273,176,0.205610936590909,22
"303","maken","vocal",0.105118480136364,198,0.205610936590909,22
"304","man","gesture",0.615252117125,76,0.208270404458333,59
"305","man","multimodal",0.541119853368421,111,0.208270404458333,59
"306","man","vocal",0.406981712666667,52,0.208270404458333,59
"307","mier","gesture",0.288793488022727,174,0.182659330786967,22
"308","mier","multimodal",0.29478561452381,184,0.182659330786967,22
"309","mier","vocal",0.112126283736842,196,0.182659330786967,22
"310","misschien","gesture",0.506827946452381,112,0.326170335952381,15
"311","misschien","multimodal",0.595108398119048,97,0.326170335952381,15
"312","misschien","vocal",0.268938062166667,97,0.326170335952381,15
"313","mond","gesture",0.469249940409091,128,0.263221399223809,8
"314","mond","multimodal",0.4944656952,123,0.263221399223809,8
"315","mond","vocal",0.23124429597619,120,0.263221399223809,8
"316","naam","gesture",0.250104947681818,182,0.0363894630909091,69
"317","naam","multimodal",0.22436385805,195,0.0363894630909091,69
"318","naam","vocal",0.213715484590909,126,0.0363894630909091,69
"319","nacht","gesture",0.383592642238095,148,0.180904101429842,69
"320","nacht","multimodal",0.474487918043478,134,0.180904101429842,69
"321","nacht","vocal",0.293583816613636,79,0.180904101429842,69
"322","nat","gesture",0.402162059875,144,0.17188111814411,61
"323","nat","multimodal",0.461953944880952,141,0.17188111814411,61
"324","nat","vocal",0.290072826736842,83,0.17188111814411,61
"325","navel","gesture",0.55404773252381,93,0.438859264285714,101
"326","navel","multimodal",0.297362881666667,181,0.438859264285714,101
"327","navel","vocal",0.115188468238095,194,0.438859264285714,101
"328","nek","gesture",0.52762462075,106,0.338825503321429,42
"329","nek","multimodal",0.48132959097619,131,0.338825503321429,42
"330","nek","vocal",0.188799117428571,148,0.338825503321429,42
"331","nemen","gesture",0.315553066075,166,0.292409238261364,39
"332","nemen","multimodal",0.426177529875,152,0.292409238261364,39
"333","nemen","vocal",0.133768291613636,191,0.292409238261364,39
"334","neus","gesture",0.495559833294118,120,0.238082923862299,29
"335","neus","multimodal",0.475535162078947,133,0.238082923862299,29
"336","neus","vocal",0.257476909431818,104,0.238082923862299,29
"337","niet","gesture",0.541643969931818,99,0.267942755395455,26
"338","niet","multimodal",0.5778887846,103,0.267942755395455,26
"339","niet","vocal",0.309946029204545,77,0.267942755395455,26
"340","nieuw","gesture",0.219197858394737,193,0.082048700477381,22
"341","nieuw","multimodal",0.250010167452381,193,0.082048700477381,22
"342","nieuw","vocal",0.167961466975,171,0.082048700477381,22
"343","nu","gesture",0.588575936642857,82,0.349242029452381,32
"344","nu","multimodal",0.576707373526316,104,0.349242029452381,32
"345","nu","vocal",0.239333907190476,114,0.349242029452381,32
"346","onweer","gesture",0.29516289275,173,0.30739243525,138
"347","onweer","multimodal",0.602555328,93,0.30739243525,138
"348","onweer","vocal",0.537121484857143,35,0.30739243525,138
"349","oog","gesture",0.707316188047619,52,0.511738071476191,88
"350","oog","multimodal",0.626292113025,84,0.511738071476191,88
"351","oog","vocal",0.195578116571429,140,0.511738071476191,88
"352","oor","gesture",0.519500756694444,109,0.332129890002506,13
"353","oor","multimodal",0.596090157026316,96,0.332129890002506,13
"354","oor","vocal",0.26396026702381,101,0.332129890002506,13
"355","oud","gesture",0.536588216789474,102,0.295730626925,26
"356","oud","multimodal",0.606782441925,90,0.295730626925,26
"357","oud","vocal",0.311051815,76,0.295730626925,26
"358","piepen","gesture",0.182083555795455,200,0.622752747529545,191
"359","piepen","multimodal",0.637795083710526,81,0.622752747529545,191
"360","piepen","vocal",0.804836303325,9,0.622752747529545,191
"361","regen","gesture",0.759025999,40,0.262564189954545,25
"362","regen","multimodal",0.698805734125,65,0.262564189954545,25
"363","regen","vocal",0.496461809045455,41,0.262564189954545,25
"364","rennen","gesture",0.86831635665,11,0.589669136325,76
"365","rennen","multimodal",0.8827717476,5,0.589669136325,76
"366","rennen","vocal",0.293102611275,81,0.589669136325,76
"367","rivier","gesture",0.360690166583333,159,0.158208022098485,111
"368","rivier","multimodal",0.518898188681818,115,0.158208022098485,111
"369","rivier","vocal",0.4220826802,48,0.158208022098485,111
"370","rond","gesture",0.823487158052632,25,0.644500824396825,119
"371","rond","multimodal",0.846744544611111,15,0.644500824396825,119
"372","rond","vocal",0.202243720214286,134,0.644500824396825,119
"373","rood","gesture",0.153790212125,202,0.091219083425,1
"374","rood","multimodal",0.1785043907,203,0.091219083425,1
"375","rood","vocal",0.087285307275,203,0.091219083425,1
"376","rook","gesture",0.477593018675,126,0.20422746701875,46
"377","rook","multimodal",0.464509348136364,139,0.20422746701875,46
"378","rook","vocal",0.27336555165625,93,0.20422746701875,46
"379","rots","gesture",0.310504062068182,169,0.0979997092305556,50
"380","rots","multimodal",0.323427662675,171,0.0979997092305556,50
"381","rots","vocal",0.225427953444444,121,0.0979997092305556,50
"382","rug","gesture",0.503363728421053,115,0.341328112246053,61
"383","rug","multimodal",0.469794824052632,135,0.341328112246053,61
"384","rug","vocal",0.162035616175,176,0.341328112246053,61
"385","ruiken","gesture",0.786070698261905,34,0.301198872909091,7
"386","ruiken","multimodal",0.808054065522727,33,0.301198872909091,7
"387","ruiken","vocal",0.506855192613636,40,0.301198872909091,7
"388","ruw","gesture",0.314207016522727,168,0.0790929926746411,62
"389","ruw","multimodal",0.320762140727273,173,0.0790929926746411,62
"390","ruw","vocal",0.241669148052632,111,0.0790929926746411,62
"391","schaduw","gesture",0.323413066476191,164,0.167708976126191,26
"392","schaduw","multimodal",0.284095204825,190,0.167708976126191,26
"393","schaduw","vocal",0.15570409035,178,0.167708976126191,26
"394","scherp","gesture",0.47453913625,127,0.280593661346429,41
"395","scherp","multimodal",0.561736192775,107,0.280593661346429,41
"396","scherp","vocal",0.281142531428571,86,0.280593661346429,41
"397","slaan","gesture",0.81556136585,27,0.228612013125,5
"398","slaan","multimodal",0.819213649525,26,0.228612013125,5
"399","slaan","vocal",0.5906016364,31,0.228612013125,5
"400","slang","gesture",0.742725820227273,42,0.113342701351675,32
"401","slang","multimodal",0.856068521578947,11,0.113342701351675,32
"402","slang","vocal",0.790558248227273,10,0.113342701351675,32
"403","slapen","gesture",0.900885423625,3,0.158929461696429,15
"404","slapen","multimodal",0.888337541717391,2,0.158929461696429,15
"405","slapen","vocal",0.741955961928571,17,0.158929461696429,15
"406","slecht","gesture",0.584860419525,84,0.27307786565,62
"407","slecht","multimodal",0.467818231261905,137,0.27307786565,62
"408","slecht","vocal",0.311782553875,75,0.27307786565,62
"409","smaak","gesture",0.36642287255,156,0.116601107713158,112
"410","smaak","multimodal",0.483023980263158,130,0.116601107713158,112
"411","smaak","vocal",0.463444052547619,44,0.116601107713158,112
"412","snel","gesture",0.733849599375,46,0.26890496515119,12
"413","snel","multimodal",0.73536560697619,55,0.26890496515119,12
"414","snel","vocal",0.466460641825,43,0.26890496515119,12
"415","sommige","gesture",0.179676893714286,201,0.0985214875029644,2
"416","sommige","multimodal",0.202917747068182,199,0.0985214875029644,2
"417","sommige","vocal",0.104396259565217,199,0.0985214875029644,2
"418","springen","gesture",0.890809787631579,4,0.553339397831579,64
"419","springen","multimodal",0.848408020761905,14,0.553339397831579,64
"420","springen","vocal",0.3374703898,68,0.553339397831579,64
"421","staan","gesture",0.636626407525,70,0.368332756551316,35
"422","staan","multimodal",0.575173470595238,105,0.368332756551316,35
"423","staan","vocal",0.268293650973684,98,0.368332756551316,35
"424","staart","gesture",0.633169069704545,71,0.428145428514069,61
"425","staart","multimodal",0.629812043386364,82,0.428145428514069,61
"426","staart","vocal",0.205023641190476,132,0.428145428514069,61
"427","steen","gesture",0.334485241047619,163,0.208890249256818,20
"428","steen","multimodal",0.357337242325,167,0.208890249256818,20
"429","steen","vocal",0.148446993068182,183,0.208890249256818,20
"430","ster","gesture",0.566213678452381,90,0.45444332455,78
"431","ster","multimodal",0.6284561134,83,0.45444332455,78
"432","ster","vocal",0.17401278885,161,0.45444332455,78
"433","sterk","gesture",0.851132840642857,17,0.493777523187799,53
"434","sterk","multimodal",0.883493228977273,4,0.493777523187799,53
"435","sterk","vocal",0.389715705789474,57,0.493777523187799,53
"436","stil","gesture",0.860533338928571,15,0.129561105166667,4
"437","stil","multimodal",0.838001605545455,19,0.129561105166667,4
"438","stil","vocal",0.730972233761905,18,0.129561105166667,4
"439","strak","gesture",0.369679767973684,152,0.288490152645363,24
"440","strak","multimodal",0.483771237526316,128,0.288490152645363,24
"441","strak","vocal",0.195281084880952,142,0.288490152645363,24
"442","tand","gesture",0.453965481105263,130,0.225289177004762,67
"443","tand","multimodal",0.600488475904762,94,0.225289177004762,67
"444","tand","vocal",0.3751992989,63,0.225289177004762,67
"445","toekomst","gesture",0.272899407619048,176,0.146603073329574,7
"446","toekomst","multimodal",0.296128451710526,183,0.146603073329574,7
"447","toekomst","vocal",0.149525378380952,182,0.146603073329574,7
"448","tong","gesture",0.65823649935,63,0.283637803660714,14
"449","tong","multimodal",0.704967083285714,62,0.283637803660714,14
"450","tong","vocal",0.421329279625,49,0.283637803660714,14
"451","touw","gesture",0.505128385,113,0.34963432885,66
"452","touw","multimodal",0.413361666075,154,0.34963432885,66
"453","touw","vocal",0.15549405615,179,0.34963432885,66
"454","uit","gesture",0.353276246659091,160,0.216571989894385,28
"455","uit","multimodal",0.331217088631579,169,0.216571989894385,28
"456","uit","vocal",0.136704256764706,188,0.216571989894385,28
"457","vallen","gesture",0.738064749761905,45,0.345682841322619,8
"458","vallen","multimodal",0.751882935547619,50,0.345682841322619,8
"459","vallen","vocal",0.406200094225,53,0.345682841322619,8
"460","vangen","gesture",0.7917921535,32,0.511406517875,55
"461","vangen","multimodal",0.729664307285714,57,0.511406517875,55
"462","vangen","vocal",0.280385635625,87,0.511406517875,55
"463","vechten","gesture",0.870517094704545,8,0.340120038329545,28
"464","vechten","multimodal",0.85484714697619,12,0.340120038329545,28
"465","vechten","vocal",0.530397056375,36,0.340120038329545,28
"466","veel","gesture",0.534795017714286,104,0.257887827805195,30
"467","veel","multimodal",0.49862924297619,121,0.257887827805195,30
"468","veel","vocal",0.276907189909091,91,0.257887827805195,30
"469","ver","gesture",0.595378177666667,80,0.266017151591667,46
"470","ver","multimodal",0.51796373885,116,0.266017151591667,46
"471","ver","vocal",0.329361026075,70,0.266017151591667,46
"472","verbranden","gesture",0.594430429225,81,0.212562620175,52
"473","verbranden","multimodal",0.5353645434,112,0.212562620175,52
"474","verbranden","vocal",0.38186780905,60,0.212562620175,52
"475","verbrijzelen","gesture",0.344930306119048,162,0.139117993736905,53
"476","verbrijzelen","multimodal",0.387037457761905,162,0.139117993736905,53
"477","verbrijzelen","vocal",0.247919464025,109,0.139117993736905,53
"478","verdrietig","gesture",0.839827632681818,20,0.127224357698413,13
"479","verdrietig","multimodal",0.879087622809524,7,0.127224357698413,13
"480","verdrietig","vocal",0.751863265111111,16,0.127224357698413,13
"481","vergeten","gesture",0.443380386714286,133,0.263433708774892,25
"482","vergeten","multimodal",0.515331563547619,117,0.263433708774892,25
"483","vergeten","vocal",0.251897854772727,108,0.263433708774892,25
"484","verleden","gesture",0.215977941333333,195,0.103383595070175,5
"485","verleden","multimodal",0.198563567,200,0.103383595070175,5
"486","verleden","vocal",0.112594346263158,195,0.103383595070175,5
"487","vermalen","gesture",0.377497459595238,151,0.17109663395119,80
"488","vermalen","multimodal",0.50005946847619,119,0.17109663395119,80
"489","vermalen","vocal",0.328962834525,71,0.17109663395119,80
"490","verrot","gesture",0.233353999944444,187,0.0791135819555556,74
"491","verrot","multimodal",0.3124675819,175,0.0791135819555556,74
"492","verrot","vocal",0.239404408105263,113,0.0791135819555556,74
"493","verschillend","gesture",0.222205940421053,190,0.18196264675119,22
"494","verschillend","multimodal",0.33187967097619,168,0.18196264675119,22
"495","verschillend","vocal",0.149917024225,180,0.18196264675119,22
"496","verstoppen","gesture",0.707957799785714,51,0.569646936766667,116
"497","verstoppen","multimodal",0.7401521776,52,0.569646936766667,116
"498","verstoppen","vocal",0.170505240833333,167,0.569646936766667,116
"499","verzamelen","gesture",0.497726475928571,119,0.268165591380952,13
"500","verzamelen","multimodal",0.525270910952381,114,0.268165591380952,13
"501","verzamelen","vocal",0.257105319571429,106,0.268165591380952,13
"502","vijand","gesture",0.390800527309524,147,0.121543180642857,76
"503","vijand","multimodal",0.321204308952381,172,0.121543180642857,76
"504","vijand","vocal",0.269257346666667,96,0.121543180642857,76
"505","vis","gesture",0.67667489865,59,0.281056782991342,21
"506","vis","multimodal",0.800916109309524,39,0.281056782991342,21
"507","vis","vocal",0.519859326318182,38,0.281056782991342,21
"508","vlees","gesture",0.317190455363636,165,0.160893374525,7
"509","vlees","multimodal",0.327717867025,170,0.160893374525,7
"510","vlees","vocal",0.1668244925,172,0.160893374525,7
"511","vleugel","gesture",0.658794943404762,62,0.43177962397619,55
"512","vleugel","multimodal",0.666378182214286,75,0.43177962397619,55
"513","vleugel","vocal",0.234598558238095,117,0.43177962397619,55
"514","vlieg","gesture",0.561928857525,91,0.153090569070238,59
"515","vlieg","multimodal",0.715019426595238,58,0.153090569070238,59
"516","vlieg","vocal",0.575967291761905,32,0.153090569070238,59
"517","vliegen","gesture",0.889568513386364,5,0.448204737314935,41
"518","vliegen","multimodal",0.813584518625,28,0.448204737314935,41
"519","vliegen","vocal",0.441363776071429,46,0.448204737314935,41
"520","vlinder","gesture",0.763465541052632,39,0.570681533277631,105
"521","vlinder","multimodal",0.705187858785714,61,0.570681533277631,105
"522","vlinder","vocal",0.192784007775,144,0.570681533277631,105
"523","voelen","gesture",0.525623421694444,108,0.443574440035714,75
"524","voelen","multimodal",0.616834024785714,87,0.443574440035714,75
"525","voelen","vocal",0.17325958475,162,0.443574440035714,75
"526","voet","gesture",0.553646742166667,94,0.360965746377193,44
"527","voet","multimodal",0.558588471710526,108,0.360965746377193,44
"528","voet","vocal",0.197622725333333,138,0.360965746377193,44
"529","vogel","gesture",0.819223133761905,26,0.186042139706349,2
"530","vogel","multimodal",0.817080250840909,27,0.186042139706349,2
"531","vogel","vocal",0.633180994055556,28,0.186042139706349,2
"532","vooraan","gesture",0.448999617861111,132,0.31240965537987,41
"533","vooraan","multimodal",0.478811308357143,132,0.31240965537987,41
"534","vooraan","vocal",0.166401652977273,173,0.31240965537987,41
"535","vork","gesture",0.57610166297619,87,0.526304230595238,111
"536","vork","multimodal",0.663985429952381,76,0.526304230595238,111
"537","vork","vocal",0.137681199357143,187,0.526304230595238,111
"538","vriend","gesture",0.410923822238095,140,0.327893014165476,46
"539","vriend","multimodal",0.498744884190476,120,0.327893014165476,46
"540","vriend","vocal",0.170851870025,166,0.327893014165476,46
"541","vrouw","gesture",0.637298436357143,68,0.239986945482143,24
"542","vrouw","multimodal",0.646054887125,78,0.239986945482143,24
"543","vrouw","vocal",0.406067941642857,54,0.239986945482143,24
"544","vuur","gesture",0.626727369973684,74,0.287922512648684,21
"545","vuur","multimodal",0.612604004619048,88,0.287922512648684,21
"546","vuur","vocal",0.338804857325,67,0.287922512648684,21
"547","walgen","gesture",0.540616415880952,100,0.167941671238095,77
"548","walgen","multimodal",0.708558087119048,60,0.167941671238095,77
"549","walgen","vocal",0.692981785631579,23,0.167941671238095,77
"550","wanneer","gesture",0.315223391690476,167,0.143821939304113,22
"551","wanneer","multimodal",0.291615195238095,187,0.143821939304113,22
"552","wanneer","vocal",0.171401452386364,165,0.143821939304113,22
"553","wat","gesture",0.303780495409091,172,0.098073594243083,114
"554","wat","multimodal",0.401854089652174,159,0.098073594243083,114
"555","wat","vocal",0.385067645818182,58,0.098073594243083,114
"556","water","gesture",0.57595295225,88,0.058739665275,70
"557","water","multimodal",0.547426856190476,109,0.058739665275,70
"558","water","vocal",0.517213286975,39,0.058739665275,70
"559","weten","gesture",0.531240106295455,105,0.229244785928571,41
"560","weten","multimodal",0.5856241655,100,0.229244785928571,41
"561","weten","vocal",0.356379379571429,64,0.229244785928571,41
"562","wie","gesture",0.365836790568182,157,0.205932164909091,45
"563","wie","multimodal",0.4472515775,147,0.205932164909091,45
"564","wie","vocal",0.241319412590909,112,0.205932164909091,45
"565","wijd","gesture",0.606612169142857,79,0.472766897033333,61
"566","wijd","multimodal",0.683220292333333,67,0.472766897033333,61
"567","wijd","vocal",0.2104533953,128,0.472766897033333,61
"568","wind","gesture",0.501434208523809,118,0.16641392265119,91
"569","wind","multimodal",0.667848131175,74,0.16641392265119,91
"570","wind","vocal",0.648023062452381,27,0.16641392265119,91
"571","wit","gesture",0.141376686375,203,0.0516705370059524,60
"572","wit","multimodal",0.189304756789474,201,0.0516705370059524,60
"573","wit","vocal",0.193047223380952,143,0.0516705370059524,60
"574","wortel","gesture",0.367954720825,154,0.134192155884091,70
"575","wortel","multimodal",0.418655686409091,153,0.134192155884091,70
"576","wortel","vocal",0.284463530525,84,0.134192155884091,70
"577","zand","gesture",0.248501341818182,183,0.124355593468672,26
"578","zand","multimodal",0.304058518047619,177,0.124355593468672,26
"579","zand","vocal",0.179702924578947,157,0.124355593468672,26
"580","zeggen","gesture",0.422355763333333,135,0.157610520641667,93
"581","zeggen","multimodal",0.579966283975,102,0.157610520641667,93
"582","zeggen","vocal",0.4787540185,42,0.157610520641667,93
"583","ziek","gesture",0.6759707715,60,0.178914442795739,27
"584","ziek","multimodal",0.736802865105263,53,0.178914442795739,27
"585","ziek","vocal",0.557888422309524,33,0.178914442795739,27
"586","zien","gesture",0.7822454537,35,0.632433733116667,146
"587","zien","multimodal",0.753904678675,49,0.632433733116667,146
"588","zien","vocal",0.149811720583333,181,0.632433733116667,146
"589","zij","gesture",0.37806358155,150,0.239084642072727,36
"590","zij","multimodal",0.300785076166667,179,0.239084642072727,36
"591","zij","vocal",0.138978939477273,186,0.239084642072727,36
"592","zoemen","gesture",0.223637129761905,188,0.570669053,177
"593","zoemen","multimodal",0.794306182761905,42,0.570669053,177
"594","zoemen","vocal",0.778294208,11,0.570669053,177
"595","zoet","gesture",0.220601971386364,192,0.0789429290386363,92
"596","zoet","multimodal",0.299544900425,180,0.0789429290386363,92
"597","zoet","vocal",0.264940883590909,100,0.0789429290386363,92
"598","zout","gesture",0.267719166547619,179,0.166791883785714,12
"599","zout","multimodal",0.301591508642857,178,0.166791883785714,12
"600","zout","vocal",0.134799624857143,190,0.166791883785714,12
"601","zuigen","gesture",0.650569882214286,67,0.0577758364523809,50
"602","zuigen","multimodal",0.676725582785714,70,0.0577758364523809,50
"603","zuigen","vocal",0.708345718666667,20,0.0577758364523809,50
"604","zuur","gesture",0.57714742825,86,0.19949963325,49
"605","zuur","multimodal",0.546773542568182,110,0.19949963325,49
"606","zuur","vocal",0.377647795,61,0.19949963325,49
"607","zwaar","gesture",0.719214818863636,49,0.334371481754941,14
"608","zwaar","multimodal",0.702816511595238,63,0.334371481754941,14
"609","zwaar","vocal",0.384843337108696,59,0.334371481754941,14
"610","zwak","gesture",0.391934068619048,146,0.251878342409357,22
"611","zwak","multimodal",0.468548925631579,136,0.251878342409357,22
"612","zwak","vocal",0.216670583222222,124,0.251878342409357,22
"613","zwart","gesture",0.242019624131579,185,0.149215611941103,16
"614","zwart","multimodal",0.217329126973684,196,0.149215611941103,16
"615","zwart","vocal",0.0928040121904762,201,0.149215611941103,16
"616","zwemmen","gesture",0.865550878595238,12,0.567609789395238,66
"617","zwemmen","multimodal",0.839652423325,18,0.567609789395238,66
"618","zwemmen","vocal",0.2979410892,78,0.567609789395238,66
