welcome_weiter.numClicks,welcome_weiter.timesOn,welcome_weiter.timesOff,exp_ID,session,presentation limit,date,expName,psychopyVersion,OS,frameRate,introduction_weiter.numClicks,introduction_weiter.timesOn,introduction_weiter.timesOff,age,gender,natlang1,natlang2,natlang3,natlang4,natlang5,natlang6,lang1,proficiency1,lang2,proficiency2,lang3,proficiency3,lang4,proficiency4,lang5,proficiency5,lang6,proficiency6,lang7,proficiency7,lang8,proficiency8,country,education,dyslexia,mobility,currentloc,radio-for-required-checkboxes,sensorypref1,sensorypref2,xRes,yRes,sensorypref[],sensorypref3,sensorypref4,practice_weiter.numClicks,practice_weiter.timesOn,practice_weiter.timesOff,pr_message_weiter.numClicks,pr_message_weiter.timesOn,pr_message_weiter.timesOff,pr_remember_weiter.numClicks,pr_remember_weiter.timesOn,pr_remember_weiter.timesOff,button_weiter.numClicks,button_weiter.timesOn,button_weiter.timesOff,pr_expressibility.response,pr_expressibility.rt,practice_trials.thisRepN,practice_trials.thisTrialN,practice_trials.thisN,practice_trials.thisIndex,practice_trials.ran,pr_word,pr_question,pr_image,start_weiter.numClicks,start_weiter.timesOn,start_weiter.timesOff,message_weiter.numClicks,message_weiter.timesOn,message_weiter.timesOff,trial_remember_weiter.numClicks,trial_remember_weiter.timesOn,trial_remember_weiter.timesOff,Count,Shelf time,trial_button_weiter.numClicks,trial_button_weiter.timesOn,trial_button_weiter.timesOff,expressibility.response,expressibility.rt,trials.thisRepN,trials.thisTrialN,trials.thisN,trials.thisIndex,trials.ran,word,fordict,question,trial_img
1.0,[0.9464999999999995],[0.9464999999999995],608881,1,21,2023-10-04_21h43.02.551,flesh_expressibility_dutch,2022.2.4,MacIntel,60.0024001,,,,,,,,,,,,,,,,,,,,,,,,,,,,,,,,,,,,,,,,,,,,,,,,,,,,,,,,,,,,,,,,,,,,,,,,,,,,,,,,,,,,,,,
,,,608881,1,21,2023-10-04_21h43.02.551,flesh_expressibility_dutch,2022.2.4,MacIntel,60.0024001,,,,,,,,,,,,,,,,,,,,,,,,,,,,,,,,,,,,,,,,,,,,,,,,,,,,,,,,,,,,,,,,,,,,,,,,,,,,,,,,,,,,,,,
,,,608881,1,21,2023-10-04_21h43.02.551,flesh_expressibility_dutch,2022.2.4,MacIntel,60.0024001,1.0,[2.0105999999940396],[2.0105999999940396],,,,,,,,,,,,,,,,,,,,,,,,,,,,,,,,,,,,,,,,,,,,,,,,,,,,,,,,,,,,,,,,,,,,,,,,,,,,,,,,,,,,
,,,608881,1,21,2023-10-04_21h43.02.551,flesh_expressibility_dutch,2022.2.4,MacIntel,60.0024001,,,,,,,,,,,,,,,,,,,,,,,,,,,,,,,,,,,,,,,,,,,,,,,,,,,,,,,,,,,,,,,,,,,,,,,,,,,,,,,,,,,,,,,
,,,608881,1,21,2023-10-04_21h43.02.551,flesh_expressibility_dutch,2022.2.4,MacIntel,60.0024001,,,,20.0,1.0,nederlands ,,,,,,engels,3.0,,0.0,,0.0,,0.0,,0.0,,0.0,,0.0,,0.0,NL,6.0,2.0,2.0,1.0,on,sensorypref1,sensorypref2,1440.0,900.0,,,,,,,,,,,,,,,,,,,,,,,,,,,,,,,,,,,,,,,,,,,,,,,,,,
,,,608881,1,21,2023-10-04_21h43.02.551,flesh_expressibility_dutch,2022.2.4,MacIntel,60.0024001,,,,20.0,1.0,nederlands ,,,,,,engels,3.0,,0.0,,0.0,,0.0,,0.0,,0.0,,0.0,,0.0,NL,6.0,2.0,2.0,1.0,,sensorypref1,sensorypref2,1440.0,900.0,,,,1.0,[22.493000000000002],[22.49309999999404],,,,,,,,,,,,,,,,,,,,,,,,,,,,,,,,,,,,,,,,,,,,
,,,608881,1,21,2023-10-04_21h43.02.551,flesh_expressibility_dutch,2022.2.4,MacIntel,60.0024001,,,,20.0,1.0,nederlands ,,,,,,engels,3.0,,0.0,,0.0,,0.0,,0.0,,0.0,,0.0,,0.0,NL,6.0,2.0,2.0,1.0,,sensorypref1,sensorypref2,1440.0,900.0,,,,,,,,,,,,,,,,,,,,,,,,,,,,,,,,,,,,,,,,,,,,,,,,,,
,,,608881,1,21,2023-10-04_21h43.02.551,flesh_expressibility_dutch,2022.2.4,MacIntel,60.0024001,,,,20.0,1.0,nederlands ,,,,,,engels,3.0,,0.0,,0.0,,0.0,,0.0,,0.0,,0.0,,0.0,NL,6.0,2.0,2.0,1.0,,sensorypref1,sensorypref2,1440.0,900.0,,,,,,,1.0,[25.091099999994036],[25.091099999994036],1.0,[26.254900000005964],[26.255],1.0,[0.746799999982116],[0.746799999982116],0.272248264,1.2142,0.0,0.0,0.0,1.0,1.0,auto,question_gesture.png,im_hand.png,,,,,,,,,,,,,,,,,,,,,,,,,
,,,608881,1,21,2023-10-04_21h43.02.551,flesh_expressibility_dutch,2022.2.4,MacIntel,60.0024001,,,,20.0,1.0,nederlands ,,,,,,engels,3.0,,0.0,,0.0,,0.0,,0.0,,0.0,,0.0,,0.0,NL,6.0,2.0,2.0,1.0,,sensorypref1,sensorypref2,1440.0,900.0,,,,,,,,,,,,,2.0,"[0.746799999982116,0.6509000000059615]","[0.746799999982116,0.6510000000000034]",0.268498264,1.0214,0.0,1.0,1.0,0.0,1.0,baby,question_gesture.png,im_hand.png,,,,,,,,,,,,,,,,,,,,,,,,,
,,,608881,1,21,2023-10-04_21h43.02.551,flesh_expressibility_dutch,2022.2.4,MacIntel,60.0024001,,,,20.0,1.0,nederlands ,,,,,,engels,3.0,,0.0,,0.0,,0.0,,0.0,,0.0,,0.0,,0.0,NL,6.0,2.0,2.0,1.0,,sensorypref1,sensorypref2,1440.0,900.0,,,,,,,2.0,"[25.091099999994036,33.07559999999404]","[25.091099999994036,33.07569999998808]",2.0,"[26.254900000005964,34.122900000005956]","[26.255,34.122900000005956]",3.0,"[0.746799999982116,0.6509000000059615,0.5835000000000008]","[0.746799999982116,0.6510000000000034,0.5835000000000008]",-0.465868056,1.4503,0.0,0.0,0.0,0.0,1.0,liefde,question_vocal.png,im_mouth.png,,,,,,,,,,,,,,,,,,,,,,,,,
,,,608881,1,21,2023-10-04_21h43.02.551,flesh_expressibility_dutch,2022.2.4,MacIntel,60.0024001,,,,20.0,1.0,nederlands ,,,,,,engels,3.0,,0.0,,0.0,,0.0,,0.0,,0.0,,0.0,,0.0,NL,6.0,2.0,2.0,1.0,,sensorypref1,sensorypref2,1440.0,900.0,,,,,,,,,,,,,4.0,"[0.746799999982116,0.6509000000059615,0.5835000000000008,0.331800000011917]","[0.746799999982116,0.6510000000000034,0.5835000000000008,0.3319000000059589]",-0.484565972,0.7869,0.0,1.0,1.0,1.0,1.0,moe,question_vocal.png,im_mouth.png,,,,,,,,,,,,,,,,,,,,,,,,,
,,,608881,1,21,2023-10-04_21h43.02.551,flesh_expressibility_dutch,2022.2.4,MacIntel,60.0024001,,,,20.0,1.0,nederlands ,,,,,,engels,3.0,,0.0,,0.0,,0.0,,0.0,,0.0,,0.0,,0.0,NL,6.0,2.0,2.0,1.0,,sensorypref1,sensorypref2,1440.0,900.0,,,,,,,3.0,"[25.091099999994036,33.07559999999404,40.23859999999404]","[25.091099999994036,33.07569999998808,40.23869999998808]",3.0,"[26.254900000005964,34.122900000005956,41.44020000001788]","[26.255,34.122900000005956,41.440300000011916]",5.0,"[0.746799999982116,0.6509000000059615,0.5835000000000008,0.331800000011917,0.45189999997615615]","[0.746799999982116,0.6510000000000034,0.5835000000000008,0.3319000000059589,0.45189999997615615]",0.294322917,1.2802,0.0,0.0,0.0,0.0,1.0,koken,question_multimodal.png,im_combination.png,,,,,,,,,,,,,,,,,,,,,,,,,
,,,608881,1,21,2023-10-04_21h43.02.551,flesh_expressibility_dutch,2022.2.4,MacIntel,60.0024001,,,,20.0,1.0,nederlands ,,,,,,engels,3.0,,0.0,,0.0,,0.0,,0.0,,0.0,,0.0,,0.0,NL,6.0,2.0,2.0,1.0,,sensorypref1,sensorypref2,1440.0,900.0,,,,,,,,,,,,,6.0,"[0.746799999982116,0.6509000000059615,0.5835000000000008,0.331800000011917,0.45189999997615615,0.5486999999880808]","[0.746799999982116,0.6510000000000034,0.5835000000000008,0.3319000000059589,0.45189999997615615,0.5486999999880808]",0.274331597,0.823,0.0,1.0,1.0,1.0,1.0,leeuw,question_multimodal.png,im_combination.png,,,,,,,,,,,,,,,,,,,,,,,,,
,,,608881,1,21,2023-10-04_21h43.02.551,flesh_expressibility_dutch,2022.2.4,MacIntel,60.0024001,,,,20.0,1.0,nederlands ,,,,,,engels,3.0,,0.0,,0.0,,0.0,,0.0,,0.0,,0.0,,0.0,NL,6.0,2.0,2.0,1.0,,sensorypref1,sensorypref2,1440.0,900.0,,,,,,,,,,,,,,,,,,,,,,,,,,1.0,[46.8765],[46.8765],,,,,,,,,,,,,,,,,,,,,,
,,,608881,1,21,2023-10-04_21h43.02.551,flesh_expressibility_dutch,2022.2.4,MacIntel,60.0024001,,,,20.0,1.0,nederlands ,,,,,,engels,3.0,,0.0,,0.0,,0.0,,0.0,,0.0,,0.0,,0.0,NL,6.0,2.0,2.0,1.0,,sensorypref1,sensorypref2,1440.0,900.0,,,,,,,,,,,,,,,,,,,,,,,,,,,,,,,,,,,,,,,,,,,,,,,,,,
,,,608881,1,21,2023-10-04_21h43.02.551,flesh_expressibility_dutch,2022.2.4,MacIntel,60.0024001,,,,20.0,1.0,nederlands ,,,,,,engels,3.0,,0.0,,0.0,,0.0,,0.0,,0.0,,0.0,,0.0,NL,6.0,2.0,2.0,1.0,,sensorypref1,sensorypref2,1440.0,900.0,,,,,,,,,,,,,,,,,,,,,,,,,,,,,1.0,[49.457800000011915],[49.458],1.0,[51.67089999997616],[51.67089999997616],22.0,53.5472,0.0,[],[],,,0.0,0.0,0.0,25.0,1.0,dood,vdood,question_vocal.png,im_mouth.png
,,,608881,1,21,2023-10-04_21h43.02.551,flesh_expressibility_dutch,2022.2.4,MacIntel,60.0024001,,,,20.0,1.0,nederlands ,,,,,,engels,3.0,,0.0,,0.0,,0.0,,0.0,,0.0,,0.0,,0.0,NL,6.0,2.0,2.0,1.0,,sensorypref1,sensorypref2,1440.0,900.0,,,,,,,,,,,,,,,,,,,,,,,,,,,,,,,,,,,22.0,54.436,0.0,[],[],,,0.0,1.0,1.0,64.0,1.0,smaak,vsmaak,question_vocal.png,im_mouth.png
,,,608881,1,21,2023-10-04_21h43.02.551,flesh_expressibility_dutch,2022.2.4,MacIntel,60.0024001,,,,20.0,1.0,nederlands ,,,,,,engels,3.0,,0.0,,0.0,,0.0,,0.0,,0.0,,0.0,,0.0,NL,6.0,2.0,2.0,1.0,,sensorypref1,sensorypref2,1440.0,900.0,,,,,,,,,,,,,,,,,,,,,,,,,,,,,,,,,,,22.0,55.9744,0.0,[],[],,,0.0,2.0,2.0,172.0,1.0,één,véén,question_vocal.png,im_mouth.png
,,,608881,1,21,2023-10-04_21h43.02.551,flesh_expressibility_dutch,2022.2.4,MacIntel,60.0024001,,,,20.0,1.0,nederlands ,,,,,,engels,3.0,,0.0,,0.0,,0.0,,0.0,,0.0,,0.0,,0.0,NL,6.0,2.0,2.0,1.0,,sensorypref1,sensorypref2,1440.0,900.0,,,,,,,,,,,,,,,,,,,,,,,,,,,,,,,,,,,22.0,56.9177,0.0,[],[],,,0.0,3.0,3.0,50.0,1.0,zwemmen,vzwemmen,question_vocal.png,im_mouth.png
,,,608881,1,21,2023-10-04_21h43.02.551,flesh_expressibility_dutch,2022.2.4,MacIntel,60.0024001,,,,20.0,1.0,nederlands ,,,,,,engels,3.0,,0.0,,0.0,,0.0,,0.0,,0.0,,0.0,,0.0,NL,6.0,2.0,2.0,1.0,,sensorypref1,sensorypref2,1440.0,900.0,,,,,,,,,,,,,,,,,,,,,,,,,,,,,,,,,,,22.0,58.1707,0.0,[],[],,,0.0,4.0,4.0,156.0,1.0,blad,vblad,question_vocal.png,im_mouth.png
,,,608881,1,21,2023-10-04_21h43.02.551,flesh_expressibility_dutch,2022.2.4,MacIntel,60.0024001,,,,20.0,1.0,nederlands ,,,,,,engels,3.0,,0.0,,0.0,,0.0,,0.0,,0.0,,0.0,,0.0,NL,6.0,2.0,2.0,1.0,,sensorypref1,sensorypref2,1440.0,900.0,,,,,,,,,,,,,,,,,,,,,,,,,,,,,,,,,,,22.0,2157.9658,0.0,[],[],,,0.0,5.0,5.0,146.0,1.0,nemen,vnemen,question_vocal.png,im_mouth.png
