welcome_weiter.numClicks,welcome_weiter.timesOn,welcome_weiter.timesOff,exp_ID,session,presentation limit,date,expName,psychopyVersion,OS,frameRate,introduction_weiter.numClicks,introduction_weiter.timesOn,introduction_weiter.timesOff,age,gender,natlang1,natlang2,natlang3,natlang4,natlang5,natlang6,lang1,proficiency1,lang2,proficiency2,lang3,proficiency3,lang4,proficiency4,lang5,proficiency5,lang6,proficiency6,lang7,proficiency7,lang8,proficiency8,country,education,dyslexia,mobility,currentloc,radio-for-required-checkboxes,sensorypref1,xRes,yRes,sensorypref[],sensorypref2,sensorypref3,sensorypref4,practice_weiter.numClicks,practice_weiter.timesOn,practice_weiter.timesOff,pr_message_weiter.numClicks,pr_message_weiter.timesOn,pr_message_weiter.timesOff,pr_remember_weiter.numClicks,pr_remember_weiter.timesOn,pr_remember_weiter.timesOff,button_weiter.numClicks,button_weiter.timesOn,button_weiter.timesOff,pr_expressibility.response,pr_expressibility.rt,practice_trials.thisRepN,practice_trials.thisTrialN,practice_trials.thisN,practice_trials.thisIndex,practice_trials.ran,pr_word,pr_question,pr_image,start_weiter.numClicks,start_weiter.timesOn,start_weiter.timesOff,message_weiter.numClicks,message_weiter.timesOn,message_weiter.timesOff,trial_remember_weiter.numClicks,trial_remember_weiter.timesOn,trial_remember_weiter.timesOff,Count,Shelf time,trial_button_weiter.numClicks,trial_button_weiter.timesOn,trial_button_weiter.timesOff,expressibility.response,expressibility.rt,trials.thisRepN,trials.thisTrialN,trials.thisN,trials.thisIndex,trials.ran,word,fordict,question,trial_img,problem,problem_text,comment_text,end_experiment.numClicks,end_experiment.timesOn,end_experiment.timesOff
1.0,[4.418399999618528],[4.418499999999999],993224,1,21,2023-09-14_15h58.55.794,flesh_expressibility_dutch,2022.2.4,Win32,60.04563468,,,,,,,,,,,,,,,,,,,,,,,,,,,,,,,,,,,,,,,,,,,,,,,,,,,,,,,,,,,,,,,,,,,,,,,,,,,,,,,,,,,,,,,,,,,,,
,,,993224,1,21,2023-09-14_15h58.55.794,flesh_expressibility_dutch,2022.2.4,Win32,60.04563468,,,,,,,,,,,,,,,,,,,,,,,,,,,,,,,,,,,,,,,,,,,,,,,,,,,,,,,,,,,,,,,,,,,,,,,,,,,,,,,,,,,,,,,,,,,,,
,,,993224,1,21,2023-09-14_15h58.55.794,flesh_expressibility_dutch,2022.2.4,Win32,60.04563468,1.0,[32.721000000000004],[32.72110000038147],,,,,,,,,,,,,,,,,,,,,,,,,,,,,,,,,,,,,,,,,,,,,,,,,,,,,,,,,,,,,,,,,,,,,,,,,,,,,,,,,,,,,,,,,,
,,,993224,1,21,2023-09-14_15h58.55.794,flesh_expressibility_dutch,2022.2.4,Win32,60.04563468,,,,,,,,,,,,,,,,,,,,,,,,,,,,,,,,,,,,,,,,,,,,,,,,,,,,,,,,,,,,,,,,,,,,,,,,,,,,,,,,,,,,,,,,,,,,,
,,,993224,1,21,2023-09-14_15h58.55.794,flesh_expressibility_dutch,2022.2.4,Win32,60.04563468,,,,23.0,1.0,Nederlands,,,,,,Engels ,2.0,,0.0,,0.0,,0.0,,0.0,,0.0,,0.0,,0.0,NL,6.0,2.0,2.0,1.0,on,sensorypref1,1280.0,720.0,,,,,,,,,,,,,,,,,,,,,,,,,,,,,,,,,,,,,,,,,,,,,,,,,,,,,,,,,
,,,993224,1,21,2023-09-14_15h58.55.794,flesh_expressibility_dutch,2022.2.4,Win32,60.04563468,,,,23.0,1.0,Nederlands,,,,,,Engels ,2.0,,0.0,,0.0,,0.0,,0.0,,0.0,,0.0,,0.0,NL,6.0,2.0,2.0,1.0,,sensorypref1,1280.0,720.0,,,,,1.0,[82.2109000005722],[82.21099999999998],,,,,,,,,,,,,,,,,,,,,,,,,,,,,,,,,,,,,,,,,,,,,,,,,,
,,,993224,1,21,2023-09-14_15h58.55.794,flesh_expressibility_dutch,2022.2.4,Win32,60.04563468,,,,23.0,1.0,Nederlands,,,,,,Engels ,2.0,,0.0,,0.0,,0.0,,0.0,,0.0,,0.0,,0.0,NL,6.0,2.0,2.0,1.0,,sensorypref1,1280.0,720.0,,,,,,,,,,,,,,,,,,,,,,,,,,,,,,,,,,,,,,,,,,,,,,,,,,,,,,,,,
,,,993224,1,21,2023-09-14_15h58.55.794,flesh_expressibility_dutch,2022.2.4,Win32,60.04563468,,,,23.0,1.0,Nederlands,,,,,,Engels ,2.0,,0.0,,0.0,,0.0,,0.0,,0.0,,0.0,,0.0,NL,6.0,2.0,2.0,1.0,,sensorypref1,1280.0,720.0,,,,,,,,1.0,[91.04640000057219],[91.0465],1.0,[96.86679999923706],[96.86689999961852],1.0,[1.7675999994278015],[1.7676999998092668],0.725926039,15.3533,0.0,0.0,0.0,1.0,1.0,auto,question_gesture.png,im_hand.png,,,,,,,,,,,,,,,,,,,,,,,,,,,,,,,
,,,993224,1,21,2023-09-14_15h58.55.794,flesh_expressibility_dutch,2022.2.4,Win32,60.04563468,,,,23.0,1.0,Nederlands,,,,,,Engels ,2.0,,0.0,,0.0,,0.0,,0.0,,0.0,,0.0,,0.0,NL,6.0,2.0,2.0,1.0,,sensorypref1,1280.0,720.0,,,,,,,,,,,,,,2.0,"[1.7675999994278015,0.7843000001907399]","[1.7676999998092668,0.7843999996185289]",0.927777778,2.2514,0.0,1.0,1.0,0.0,1.0,baby,question_gesture.png,im_hand.png,,,,,,,,,,,,,,,,,,,,,,,,,,,,,,,
,,,993224,1,21,2023-09-14_15h58.55.794,flesh_expressibility_dutch,2022.2.4,Win32,60.04563468,,,,23.0,1.0,Nederlands,,,,,,Engels ,2.0,,0.0,,0.0,,0.0,,0.0,,0.0,,0.0,,0.0,NL,6.0,2.0,2.0,1.0,,sensorypref1,1280.0,720.0,,,,,,,,2.0,"[91.04640000057219,154.952]","[91.0465,154.952]",2.0,"[96.86679999923706,156.8795]","[96.86689999961852,156.8795999994278]",3.0,"[1.7675999994278015,0.7843000001907399,0.7828000001907185]","[1.7676999998092668,0.7843999996185289,0.7828000001907185]",0.683333333,3.1839,0.0,0.0,0.0,1.0,1.0,leeuw,question_multimodal.png,im_combination.png,,,,,,,,,,,,,,,,,,,,,,,,,,,,,,,
,,,993224,1,21,2023-09-14_15h58.55.794,flesh_expressibility_dutch,2022.2.4,Win32,60.04563468,,,,23.0,1.0,Nederlands,,,,,,Engels ,2.0,,0.0,,0.0,,0.0,,0.0,,0.0,,0.0,,0.0,NL,6.0,2.0,2.0,1.0,,sensorypref1,1280.0,720.0,,,,,,,,,,,,,,4.0,"[1.7675999994278015,0.7843000001907399,0.7828000001907185,0.7501000003814511]","[1.7676999998092668,0.7843999996185289,0.7828000001907185,0.7501000003814511]",0.116666667,3.4522,0.0,1.0,1.0,0.0,1.0,koken,question_multimodal.png,im_combination.png,,,,,,,,,,,,,,,,,,,,,,,,,,,,,,,
,,,993224,1,21,2023-09-14_15h58.55.794,flesh_expressibility_dutch,2022.2.4,Win32,60.04563468,,,,23.0,1.0,Nederlands,,,,,,Engels ,2.0,,0.0,,0.0,,0.0,,0.0,,0.0,,0.0,,0.0,NL,6.0,2.0,2.0,1.0,,sensorypref1,1280.0,720.0,,,,,,,,3.0,"[91.04640000057219,154.952,176.61120000076295]","[91.0465,154.952,176.61130000019074]",3.0,"[96.86679999923706,156.8795,182.67749999999998]","[96.86689999961852,156.8795999994278,182.67749999999998]",5.0,"[1.7675999994278015,0.7843000001907399,0.7828000001907185,0.7501000003814511,0.9726000003814477]","[1.7676999998092668,0.7843999996185289,0.7828000001907185,0.7501000003814511,0.9726000003814477]",0.281481595,4.0535,0.0,0.0,0.0,1.0,1.0,moe,question_vocal.png,im_mouth.png,,,,,,,,,,,,,,,,,,,,,,,,,,,,,,,
,,,993224,1,21,2023-09-14_15h58.55.794,flesh_expressibility_dutch,2022.2.4,Win32,60.04563468,,,,23.0,1.0,Nederlands,,,,,,Engels ,2.0,,0.0,,0.0,,0.0,,0.0,,0.0,,0.0,,0.0,NL,6.0,2.0,2.0,1.0,,sensorypref1,1280.0,720.0,,,,,,,,,,,,,,6.0,"[1.7675999994278015,0.7843000001907399,0.7828000001907185,0.7501000003814511,0.9726000003814477,4.0211999998092836]","[1.7676999998092668,0.7843999996185289,0.7828000001907185,0.7501000003814511,0.9726000003814477,4.0211999998092836]",-0.164814758,3.1701,0.0,1.0,1.0,0.0,1.0,liefde,question_vocal.png,im_mouth.png,,,,,,,,,,,,,,,,,,,,,,,,,,,,,,,
,,,993224,1,21,2023-09-14_15h58.55.794,flesh_expressibility_dutch,2022.2.4,Win32,60.04563468,,,,23.0,1.0,Nederlands,,,,,,Engels ,2.0,,0.0,,0.0,,0.0,,0.0,,0.0,,0.0,,0.0,NL,6.0,2.0,2.0,1.0,,sensorypref1,1280.0,720.0,,,,,,,,,,,,,,,,,,,,,,,,,,,1.0,[201.07469999980924],[201.07469999980924],,,,,,,,,,,,,,,,,,,,,,,,,,,,
,,,993224,1,21,2023-09-14_15h58.55.794,flesh_expressibility_dutch,2022.2.4,Win32,60.04563468,,,,23.0,1.0,Nederlands,,,,,,Engels ,2.0,,0.0,,0.0,,0.0,,0.0,,0.0,,0.0,,0.0,NL,6.0,2.0,2.0,1.0,,sensorypref1,1280.0,720.0,,,,,,,,,,,,,,,,,,,,,,,,,,,,,,,,,,,,,,,,,,,,,,,,,,,,,,,,,
,,,993224,1,21,2023-09-14_15h58.55.794,flesh_expressibility_dutch,2022.2.4,Win32,60.04563468,,,,23.0,1.0,Nederlands,,,,,,Engels ,2.0,,0.0,,0.0,,0.0,,0.0,,0.0,,0.0,,0.0,NL,6.0,2.0,2.0,1.0,,sensorypref1,1280.0,720.0,,,,,,,,,,,,,,,,,,,,,,,,,,,,,,1.0,[211.14950000000002],[211.14969999980926],1.0,[214.8299000005722],[214.8299000005722],6.0,216.2807,1.0,[1.6831999998092613],[1.6833000001907408],-0.446296268,5.2259,0.0,0.0,0.0,190.0,1.0,ei,gei,question_gesture.png,im_hand.png,,,,,,
,,,993224,1,21,2023-09-14_15h58.55.794,flesh_expressibility_dutch,2022.2.4,Win32,60.04563468,,,,23.0,1.0,Nederlands,,,,,,Engels ,2.0,,0.0,,0.0,,0.0,,0.0,,0.0,,0.0,,0.0,NL,6.0,2.0,2.0,1.0,,sensorypref1,1280.0,720.0,,,,,,,,,,,,,,,,,,,,,,,,,,,,,,,,,,,,17.0,223.201,2.0,"[1.6831999998092613,1.333200000762929]","[1.6833000001907408,1.333200000762929]",-0.683333333,3.8205,0.0,1.0,1.0,46.0,1.0,nat,gnat,question_gesture.png,im_hand.png,,,,,,
,,,993224,1,21,2023-09-14_15h58.55.794,flesh_expressibility_dutch,2022.2.4,Win32,60.04563468,,,,23.0,1.0,Nederlands,,,,,,Engels ,2.0,,0.0,,0.0,,0.0,,0.0,,0.0,,0.0,,0.0,NL,6.0,2.0,2.0,1.0,,sensorypref1,1280.0,720.0,,,,,,,,,,,,,,,,,,,,,,,,,,,,,,,,,,,,9.0,228.3638,3.0,"[1.6831999998092613,1.333200000762929,7.215300000190723]","[1.6833000001907408,1.333200000762929,7.215300000190723]",-0.498148092,10.9703,0.0,2.0,2.0,189.0,1.0,as,gas,question_gesture.png,im_hand.png,,,,,,
,,,993224,1,21,2023-09-14_15h58.55.794,flesh_expressibility_dutch,2022.2.4,Win32,60.04563468,,,,23.0,1.0,Nederlands,,,,,,Engels ,2.0,,0.0,,0.0,,0.0,,0.0,,0.0,,0.0,,0.0,NL,6.0,2.0,2.0,1.0,,sensorypref1,1280.0,720.0,,,,,,,,,,,,,,,,,,,,,,,,,,,,,,,,,,,,15.0,239.9351,4.0,"[1.6831999998092613,1.333200000762929,7.215300000190723,2.7153999996185405]","[1.6833000001907408,1.333200000762929,7.215300000190723,2.7154999999999916]",-0.305555556,9.254900001,0.0,3.0,3.0,93.0,1.0,kleding,gkleding,question_gesture.png,im_hand.png,,,,,,
,,,993224,1,21,2023-09-14_15h58.55.794,flesh_expressibility_dutch,2022.2.4,Win32,60.04563468,,,,23.0,1.0,Nederlands,,,,,,Engels ,2.0,,0.0,,0.0,,0.0,,0.0,,0.0,,0.0,,0.0,NL,6.0,2.0,2.0,1.0,,sensorypref1,1280.0,720.0,,,,,,,,,,,,,,,,,,,,,,,,,,,,,,,,,,,,7.0,249.8366,5.0,"[1.6831999998092613,1.333200000762929,7.215300000190723,2.7153999996185405,4.165500000000009]","[1.6833000001907408,1.333200000762929,7.215300000190723,2.7154999999999916,4.165500000000009]",0.222222222,6.1376,0.0,4.0,4.0,51.0,1.0,lopen,glopen,question_gesture.png,im_hand.png,,,,,,
,,,993224,1,21,2023-09-14_15h58.55.794,flesh_expressibility_dutch,2022.2.4,Win32,60.04563468,,,,23.0,1.0,Nederlands,,,,,,Engels ,2.0,,0.0,,0.0,,0.0,,0.0,,0.0,,0.0,,0.0,NL,6.0,2.0,2.0,1.0,,sensorypref1,1280.0,720.0,,,,,,,,,,,,,,,,,,,,,,,,,,,,,,,,,,,,12.0,258.8782,6.0,"[1.6831999998092613,1.333200000762929,7.215300000190723,2.7153999996185405,4.165500000000009,0.7161999998092483]","[1.6833000001907408,1.333200000762929,7.215300000190723,2.7154999999999916,4.165500000000009,0.7164000005722073]",0.364814928,8.7384,0.0,5.0,5.0,124.0,1.0,nek,gnek,question_gesture.png,im_hand.png,,,,,,
,,,993224,1,21,2023-09-14_15h58.55.794,flesh_expressibility_dutch,2022.2.4,Win32,60.04563468,,,,23.0,1.0,Nederlands,,,,,,Engels ,2.0,,0.0,,0.0,,0.0,,0.0,,0.0,,0.0,,0.0,NL,6.0,2.0,2.0,1.0,,sensorypref1,1280.0,720.0,,,,,,,,,,,,,,,,,,,,,,,,,,,,,,,,,,,,17.0,268.4096,7.0,"[1.6831999998092613,1.333200000762929,7.215300000190723,2.7153999996185405,4.165500000000009,0.7161999998092483,1.2166999998092933]","[1.6833000001907408,1.333200000762929,7.215300000190723,2.7154999999999916,4.165500000000009,0.7164000005722073,1.2168000001907444]",-0.76851849,4.9527,0.0,6.0,6.0,99.0,1.0,mier,gmier,question_gesture.png,im_hand.png,,,,,,
,,,993224,1,21,2023-09-14_15h58.55.794,flesh_expressibility_dutch,2022.2.4,Win32,60.04563468,,,,23.0,1.0,Nederlands,,,,,,Engels ,2.0,,0.0,,0.0,,0.0,,0.0,,0.0,,0.0,,0.0,NL,6.0,2.0,2.0,1.0,,sensorypref1,1280.0,720.0,,,,,,,,,,,,,,,,,,,,,,,,,,,,,,,,,,,,13.0,274.566,8.0,"[1.6831999998092613,1.333200000762929,7.215300000190723,2.7153999996185405,4.165500000000009,0.7161999998092483,1.2166999998092933,4.220100000381478]","[1.6833000001907408,1.333200000762929,7.215300000190723,2.7154999999999916,4.165500000000009,0.7164000005722073,1.2168000001907444,4.220100000381478]",0.729629686,6.5165,0.0,7.0,7.0,9.0,1.0,kotsen,gkotsen,question_gesture.png,im_hand.png,,,,,,
,,,993224,1,21,2023-09-14_15h58.55.794,flesh_expressibility_dutch,2022.2.4,Win32,60.04563468,,,,23.0,1.0,Nederlands,,,,,,Engels ,2.0,,0.0,,0.0,,0.0,,0.0,,0.0,,0.0,,0.0,NL,6.0,2.0,2.0,1.0,,sensorypref1,1280.0,720.0,,,,,,,,,,,,,,,,,,,,,,,,,,,,,,,,,,,,11.0,283.0456,9.0,"[1.6831999998092613,1.333200000762929,7.215300000190723,2.7153999996185405,4.165500000000009,0.7161999998092483,1.2166999998092933,4.220100000381478,1.5671000003814584]","[1.6833000001907408,1.333200000762929,7.215300000190723,2.7154999999999916,4.165500000000009,0.7164000005722073,1.2168000001907444,4.220100000381478,1.5671000003814584]",0.174074131,4.7995,0.0,8.0,8.0,28.0,1.0,man,gman,question_gesture.png,im_hand.png,,,,,,
,,,993224,1,21,2023-09-14_15h58.55.794,flesh_expressibility_dutch,2022.2.4,Win32,60.04563468,,,,23.0,1.0,Nederlands,,,,,,Engels ,2.0,,0.0,,0.0,,0.0,,0.0,,0.0,,0.0,,0.0,NL,6.0,2.0,2.0,1.0,,sensorypref1,1280.0,720.0,,,,,,,,,,,,,,,,,,,,,,,,,,,,,,,,,,,,12.0,289.498,10.0,"[1.6831999998092613,1.333200000762929,7.215300000190723,2.7153999996185405,4.165500000000009,0.7161999998092483,1.2166999998092933,4.220100000381478,1.5671000003814584,1.5811999998092574]","[1.6833000001907408,1.333200000762929,7.215300000190723,2.7154999999999916,4.165500000000009,0.7164000005722073,1.2168000001907444,4.220100000381478,1.5671000003814584,1.5813000001907085]",0.059259372,9.8872,0.0,9.0,9.0,69.0,1.0,glad,gglad,question_gesture.png,im_hand.png,,,,,,
,,,993224,1,21,2023-09-14_15h58.55.794,flesh_expressibility_dutch,2022.2.4,Win32,60.04563468,,,,23.0,1.0,Nederlands,,,,,,Engels ,2.0,,0.0,,0.0,,0.0,,0.0,,0.0,,0.0,,0.0,NL,6.0,2.0,2.0,1.0,,sensorypref1,1280.0,720.0,,,,,,,,,,,,,,,,,,,,,,,,,,,,,,,,,,,,14.0,300.9664,11.0,"[1.6831999998092613,1.333200000762929,7.215300000190723,2.7153999996185405,4.165500000000009,0.7161999998092483,1.2166999998092933,4.220100000381478,1.5671000003814584,1.5811999998092574,0.6164999999999736]","[1.6833000001907408,1.333200000762929,7.215300000190723,2.7154999999999916,4.165500000000009,0.7164000005722073,1.2168000001907444,4.220100000381478,1.5671000003814584,1.5813000001907085,0.6165999994277627]",-0.027777778,7.856,0.0,10.0,10.0,171.0,1.0,zwaar,gzwaar,question_gesture.png,im_hand.png,,,,,,
,,,993224,1,21,2023-09-14_15h58.55.794,flesh_expressibility_dutch,2022.2.4,Win32,60.04563468,,,,23.0,1.0,Nederlands,,,,,,Engels ,2.0,,0.0,,0.0,,0.0,,0.0,,0.0,,0.0,,0.0,NL,6.0,2.0,2.0,1.0,,sensorypref1,1280.0,720.0,,,,,,,,,,,,,,,,,,,,,,,,,,,,,,,,,,,,11.0,309.3635,12.0,"[1.6831999998092613,1.333200000762929,7.215300000190723,2.7153999996185405,4.165500000000009,0.7161999998092483,1.2166999998092933,4.220100000381478,1.5671000003814584,1.5811999998092574,0.6164999999999736,1.6330999994277704]","[1.6833000001907408,1.333200000762929,7.215300000190723,2.7154999999999916,4.165500000000009,0.7164000005722073,1.2168000001907444,4.220100000381478,1.5671000003814584,1.5813000001907085,0.6165999994277627,1.6332999992370674]",-0.642592536,3.586599999,0.0,11.0,11.0,192.0,1.0,vlees,gvlees,question_gesture.png,im_hand.png,,,,,,
,,,993224,1,21,2023-09-14_15h58.55.794,flesh_expressibility_dutch,2022.2.4,Win32,60.04563468,,,,23.0,1.0,Nederlands,,,,,,Engels ,2.0,,0.0,,0.0,,0.0,,0.0,,0.0,,0.0,,0.0,NL,6.0,2.0,2.0,1.0,,sensorypref1,1280.0,720.0,,,,,,,,,,,,,,,,,,,,,,,,,,,,,,,,,,,,11.0,314.5733,13.0,"[1.6831999998092613,1.333200000762929,7.215300000190723,2.7153999996185405,4.165500000000009,0.7161999998092483,1.2166999998092933,4.220100000381478,1.5671000003814584,1.5811999998092574,0.6164999999999736,1.6330999994277704,0.6481999998092647]","[1.6833000001907408,1.333200000762929,7.215300000190723,2.7154999999999916,4.165500000000009,0.7164000005722073,1.2168000001907444,4.220100000381478,1.5671000003814584,1.5813000001907085,0.6165999994277627,1.6332999992370674,0.6482999992370537]",-0.816666667,3.7098,0.0,12.0,12.0,118.0,1.0,hoorn,ghoorn,question_gesture.png,im_hand.png,,,,,,
,,,993224,1,21,2023-09-14_15h58.55.794,flesh_expressibility_dutch,2022.2.4,Win32,60.04563468,,,,23.0,1.0,Nederlands,,,,,,Engels ,2.0,,0.0,,0.0,,0.0,,0.0,,0.0,,0.0,,0.0,NL,6.0,2.0,2.0,1.0,,sensorypref1,1280.0,720.0,,,,,,,,,,,,,,,,,,,,,,,,,,,,,,,,,,,,8.0,318.988,14.0,"[1.6831999998092613,1.333200000762929,7.215300000190723,2.7153999996185405,4.165500000000009,0.7161999998092483,1.2166999998092933,4.220100000381478,1.5671000003814584,1.5811999998092574,0.6164999999999736,1.6330999994277704,0.6481999998092647,0.6842999992370551]","[1.6833000001907408,1.333200000762929,7.215300000190723,2.7154999999999916,4.165500000000009,0.7164000005722073,1.2168000001907444,4.220100000381478,1.5671000003814584,1.5813000001907085,0.6165999994277627,1.6332999992370674,0.6482999992370537,0.6845000000000141]",-0.383333333,4.4347,0.0,13.0,13.0,184.0,1.0,ver,gver,question_gesture.png,im_hand.png,,,,,,
,,,993224,1,21,2023-09-14_15h58.55.794,flesh_expressibility_dutch,2022.2.4,Win32,60.04563468,,,,23.0,1.0,Nederlands,,,,,,Engels ,2.0,,0.0,,0.0,,0.0,,0.0,,0.0,,0.0,,0.0,NL,6.0,2.0,2.0,1.0,,sensorypref1,1280.0,720.0,,,,,,,,,,,,,,,,,,,,,,,,,,,,,,,,,,,,8.0,324.1098,15.0,"[1.6831999998092613,1.333200000762929,7.215300000190723,2.7153999996185405,4.165500000000009,0.7161999998092483,1.2166999998092933,4.220100000381478,1.5671000003814584,1.5811999998092574,0.6164999999999736,1.6330999994277704,0.6481999998092647,0.6842999992370551,2.766600000381459]","[1.6833000001907408,1.333200000762929,7.215300000190723,2.7154999999999916,4.165500000000009,0.7164000005722073,1.2168000001907444,4.220100000381478,1.5671000003814584,1.5813000001907085,0.6165999994277627,1.6332999992370674,0.6482999992370537,0.6845000000000141,2.766699999809248]",0.168518575,6.3779,0.0,14.0,14.0,163.0,1.0,zout,gzout,question_gesture.png,im_hand.png,,,,,,
,,,993224,1,21,2023-09-14_15h58.55.794,flesh_expressibility_dutch,2022.2.4,Win32,60.04563468,,,,23.0,1.0,Nederlands,,,,,,Engels ,2.0,,0.0,,0.0,,0.0,,0.0,,0.0,,0.0,,0.0,NL,6.0,2.0,2.0,1.0,,sensorypref1,1280.0,720.0,,,,,,,,,,,,,,,,,,,,,,,,,,,,,,,,,,,,7.0,331.6689,16.0,"[1.6831999998092613,1.333200000762929,7.215300000190723,2.7153999996185405,4.165500000000009,0.7161999998092483,1.2166999998092933,4.220100000381478,1.5671000003814584,1.5811999998092574,0.6164999999999736,1.6330999994277704,0.6481999998092647,0.6842999992370551,2.766600000381459,0.6328999996185303]","[1.6833000001907408,1.333200000762929,7.215300000190723,2.7154999999999916,4.165500000000009,0.7164000005722073,1.2168000001907444,4.220100000381478,1.5671000003814584,1.5813000001907085,0.6165999994277627,1.6332999992370674,0.6482999992370537,0.6845000000000141,2.766699999809248,0.6330000000000382]",0.416666667,4.8023,0.0,15.0,15.0,156.0,1.0,blad,gblad,question_gesture.png,im_hand.png,,,,,,
,,,993224,1,21,2023-09-14_15h58.55.794,flesh_expressibility_dutch,2022.2.4,Win32,60.04563468,,,,23.0,1.0,Nederlands,,,,,,Engels ,2.0,,0.0,,0.0,,0.0,,0.0,,0.0,,0.0,,0.0,NL,6.0,2.0,2.0,1.0,,sensorypref1,1280.0,720.0,,,,,,,,,,,,,,,,,,,,,,,,,,,,,,,,,,,,15.0,337.2156,17.0,"[1.6831999998092613,1.333200000762929,7.215300000190723,2.7153999996185405,4.165500000000009,0.7161999998092483,1.2166999998092933,4.220100000381478,1.5671000003814584,1.5811999998092574,0.6164999999999736,1.6330999994277704,0.6481999998092647,0.6842999992370551,2.766600000381459,0.6328999996185303,0.6986999998092642]","[1.6833000001907408,1.333200000762929,7.215300000190723,2.7154999999999916,4.165500000000009,0.7164000005722073,1.2168000001907444,4.220100000381478,1.5671000003814584,1.5813000001907085,0.6165999994277627,1.6332999992370674,0.6482999992370537,0.6845000000000141,2.766699999809248,0.6330000000000382,0.6988000001907722]",0.683333333,3.9081,0.0,16.0,16.0,91.0,1.0,koud,gkoud,question_gesture.png,im_hand.png,,,,,,
,,,993224,1,21,2023-09-14_15h58.55.794,flesh_expressibility_dutch,2022.2.4,Win32,60.04563468,,,,23.0,1.0,Nederlands,,,,,,Engels ,2.0,,0.0,,0.0,,0.0,,0.0,,0.0,,0.0,,0.0,NL,6.0,2.0,2.0,1.0,,sensorypref1,1280.0,720.0,,,,,,,,,,,,,,,,,,,,,,,,,,,,,,,,,,,,9.0,341.8242,18.0,"[1.6831999998092613,1.333200000762929,7.215300000190723,2.7153999996185405,4.165500000000009,0.7161999998092483,1.2166999998092933,4.220100000381478,1.5671000003814584,1.5811999998092574,0.6164999999999736,1.6330999994277704,0.6481999998092647,0.6842999992370551,2.766600000381459,0.6328999996185303,0.6986999998092642,0.6891999998092615]","[1.6833000001907408,1.333200000762929,7.215300000190723,2.7154999999999916,4.165500000000009,0.7164000005722073,1.2168000001907444,4.220100000381478,1.5671000003814584,1.5813000001907085,0.6165999994277627,1.6332999992370674,0.6482999992370537,0.6845000000000141,2.766699999809248,0.6330000000000382,0.6988000001907722,0.6891999998092615]",0.766666667,3.3167,0.0,17.0,17.0,8.0,1.0,likken,glikken,question_gesture.png,im_hand.png,,,,,,
,,,993224,1,21,2023-09-14_15h58.55.794,flesh_expressibility_dutch,2022.2.4,Win32,60.04563468,,,,23.0,1.0,Nederlands,,,,,,Engels ,2.0,,0.0,,0.0,,0.0,,0.0,,0.0,,0.0,,0.0,NL,6.0,2.0,2.0,1.0,,sensorypref1,1280.0,720.0,,,,,,,,,,,,,,,,,,,,,,,,,,,,,,,,,,,,18.0,345.8169,19.0,"[1.6831999998092613,1.333200000762929,7.215300000190723,2.7153999996185405,4.165500000000009,0.7161999998092483,1.2166999998092933,4.220100000381478,1.5671000003814584,1.5811999998092574,0.6164999999999736,1.6330999994277704,0.6481999998092647,0.6842999992370551,2.766600000381459,0.6328999996185303,0.6986999998092642,0.6891999998092615,4.165800000190757]","[1.6833000001907408,1.333200000762929,7.215300000190723,2.7154999999999916,4.165500000000009,0.7164000005722073,1.2168000001907444,4.220100000381478,1.5671000003814584,1.5813000001907085,0.6165999994277627,1.6332999992370674,0.6482999992370537,0.6845000000000141,2.766699999809248,0.6330000000000382,0.6988000001907722,0.6891999998092615,4.165900000572208]",-0.216666667,5.6817,0.0,18.0,18.0,43.0,1.0,rivier,grivier,question_gesture.png,im_hand.png,,,,,,
,,,993224,1,21,2023-09-14_15h58.55.794,flesh_expressibility_dutch,2022.2.4,Win32,60.04563468,,,,23.0,1.0,Nederlands,,,,,,Engels ,2.0,,0.0,,0.0,,0.0,,0.0,,0.0,,0.0,,0.0,NL,6.0,2.0,2.0,1.0,,sensorypref1,1280.0,720.0,,,,,,,,,,,,,,,,,,,,,,,,,,,,,,,,,,,,10.0,354.114,20.0,"[1.6831999998092613,1.333200000762929,7.215300000190723,2.7153999996185405,4.165500000000009,0.7161999998092483,1.2166999998092933,4.220100000381478,1.5671000003814584,1.5811999998092574,0.6164999999999736,1.6330999994277704,0.6481999998092647,0.6842999992370551,2.766600000381459,0.6328999996185303,0.6986999998092642,0.6891999998092615,4.165800000190757,0.8493000001907376]","[1.6833000001907408,1.333200000762929,7.215300000190723,2.7154999999999916,4.165500000000009,0.7164000005722073,1.2168000001907444,4.220100000381478,1.5671000003814584,1.5813000001907085,0.6165999994277627,1.6332999992370674,0.6482999992370537,0.6845000000000141,2.766699999809248,0.6330000000000382,0.6988000001907722,0.6891999998092615,4.165900000572208,0.8493999996185266]",-0.809259203,3.7884,0.0,19.0,19.0,17.0,1.0,verschillend,gverschillend,question_gesture.png,im_hand.png,,,,,,
,,,993224,1,21,2023-09-14_15h58.55.794,flesh_expressibility_dutch,2022.2.4,Win32,60.04563468,,,,23.0,1.0,Nederlands,,,,,,Engels ,2.0,,0.0,,0.0,,0.0,,0.0,,0.0,,0.0,,0.0,NL,6.0,2.0,2.0,1.0,,sensorypref1,1280.0,720.0,,,,,,,,,,,,,,,,,,,,,,,,,,,,,,2.0,"[211.14950000000002,404.0853000001907]","[211.14969999980926,404.0853000001907]",2.0,"[214.8299000005722,406.9171000003815]","[214.8299000005722,406.9171000003815]",15.0,408.3876,21.0,"[1.6831999998092613,1.333200000762929,7.215300000190723,2.7153999996185405,4.165500000000009,0.7161999998092483,1.2166999998092933,4.220100000381478,1.5671000003814584,1.5811999998092574,0.6164999999999736,1.6330999994277704,0.6481999998092647,0.6842999992370551,2.766600000381459,0.6328999996185303,0.6986999998092642,0.6891999998092615,4.165800000190757,0.8493000001907376,5.7035000000000196]","[1.6833000001907408,1.333200000762929,7.215300000190723,2.7154999999999916,4.165500000000009,0.7164000005722073,1.2168000001907444,4.220100000381478,1.5671000003814584,1.5813000001907085,0.6165999994277627,1.6332999992370674,0.6482999992370537,0.6845000000000141,2.766699999809248,0.6330000000000382,0.6988000001907722,0.6891999998092615,4.165900000572208,0.8493999996185266,5.703600000381471]",0.38703715,10.4619,0.0,0.0,0.0,66.0,1.0,"bot (kenmerk, niet lichaam)","mbot (kenmerk, niet lichaam)",question_multimodal.png,im_combination.png,,,,,,
,,,993224,1,21,2023-09-14_15h58.55.794,flesh_expressibility_dutch,2022.2.4,Win32,60.04563468,,,,23.0,1.0,Nederlands,,,,,,Engels ,2.0,,0.0,,0.0,,0.0,,0.0,,0.0,,0.0,,0.0,NL,6.0,2.0,2.0,1.0,,sensorypref1,1280.0,720.0,,,,,,,,,,,,,,,,,,,,,,,,,,,,,,,,,,,,10.0,419.4967,22.0,"[1.6831999998092613,1.333200000762929,7.215300000190723,2.7153999996185405,4.165500000000009,0.7161999998092483,1.2166999998092933,4.220100000381478,1.5671000003814584,1.5811999998092574,0.6164999999999736,1.6330999994277704,0.6481999998092647,0.6842999992370551,2.766600000381459,0.6328999996185303,0.6986999998092642,0.6891999998092615,4.165800000190757,0.8493000001907376,5.7035000000000196,0.9150999994277527]","[1.6833000001907408,1.333200000762929,7.215300000190723,2.7154999999999916,4.165500000000009,0.7164000005722073,1.2168000001907444,4.220100000381478,1.5671000003814584,1.5813000001907085,0.6165999994277627,1.6332999992370674,0.6482999992370537,0.6845000000000141,2.766699999809248,0.6330000000000382,0.6988000001907722,0.6891999998092615,4.165900000572208,0.8493999996185266,5.703600000381471,0.9151999998092606]",0.277777778,9.0963,0.0,1.0,1.0,64.0,1.0,smaak,msmaak,question_multimodal.png,im_combination.png,,,,,,
,,,993224,1,21,2023-09-14_15h58.55.794,flesh_expressibility_dutch,2022.2.4,Win32,60.04563468,,,,23.0,1.0,Nederlands,,,,,,Engels ,2.0,,0.0,,0.0,,0.0,,0.0,,0.0,,0.0,,0.0,NL,6.0,2.0,2.0,1.0,,sensorypref1,1280.0,720.0,,,,,,,,,,,,,,,,,,,,,,,,,,,,,,,,,,,,14.0,429.4941,23.0,"[1.6831999998092613,1.333200000762929,7.215300000190723,2.7153999996185405,4.165500000000009,0.7161999998092483,1.2166999998092933,4.220100000381478,1.5671000003814584,1.5811999998092574,0.6164999999999736,1.6330999994277704,0.6481999998092647,0.6842999992370551,2.766600000381459,0.6328999996185303,0.6986999998092642,0.6891999998092615,4.165800000190757,0.8493000001907376,5.7035000000000196,0.9150999994277527,4.615600000381448]","[1.6833000001907408,1.333200000762929,7.215300000190723,2.7154999999999916,4.165500000000009,0.7164000005722073,1.2168000001907444,4.220100000381478,1.5671000003814584,1.5813000001907085,0.6165999994277627,1.6332999992370674,0.6482999992370537,0.6845000000000141,2.766699999809248,0.6330000000000382,0.6988000001907722,0.6891999998092615,4.165900000572208,0.8493999996185266,5.703600000381471,0.9151999998092606,4.615700000762899]",-0.066666667,3.7927,0.0,2.0,2.0,176.0,1.0,wijd,mwijd,question_multimodal.png,im_combination.png,,,,,,
,,,993224,1,21,2023-09-14_15h58.55.794,flesh_expressibility_dutch,2022.2.4,Win32,60.04563468,,,,23.0,1.0,Nederlands,,,,,,Engels ,2.0,,0.0,,0.0,,0.0,,0.0,,0.0,,0.0,,0.0,NL,6.0,2.0,2.0,1.0,,sensorypref1,1280.0,720.0,,,,,,,,,,,,,,,,,,,,,,,,,,,,,,,,,,,,8.0,437.0585,24.0,"[1.6831999998092613,1.333200000762929,7.215300000190723,2.7153999996185405,4.165500000000009,0.7161999998092483,1.2166999998092933,4.220100000381478,1.5671000003814584,1.5811999998092574,0.6164999999999736,1.6330999994277704,0.6481999998092647,0.6842999992370551,2.766600000381459,0.6328999996185303,0.6986999998092642,0.6891999998092615,4.165800000190757,0.8493000001907376,5.7035000000000196,0.9150999994277527,4.615600000381448,0.767100000381447]","[1.6833000001907408,1.333200000762929,7.215300000190723,2.7154999999999916,4.165500000000009,0.7164000005722073,1.2168000001907444,4.220100000381478,1.5671000003814584,1.5813000001907085,0.6165999994277627,1.6332999992370674,0.6482999992370537,0.6845000000000141,2.766699999809248,0.6330000000000382,0.6988000001907722,0.6891999998092615,4.165900000572208,0.8493999996185266,5.703600000381471,0.9151999998092606,4.615700000762899,0.767100000381447]",-0.101851739,7.6589,0.0,3.0,3.0,121.0,1.0,voet,mvoet,question_multimodal.png,im_combination.png,,,,,,
,,,993224,1,21,2023-09-14_15h58.55.794,flesh_expressibility_dutch,2022.2.4,Win32,60.04563468,,,,23.0,1.0,Nederlands,,,,,,Engels ,2.0,,0.0,,0.0,,0.0,,0.0,,0.0,,0.0,,0.0,NL,6.0,2.0,2.0,1.0,,sensorypref1,1280.0,720.0,,,,,,,,,,,,,,,,,,,,,,,,,,,,,,,,,,,,13.0,445.5592,25.0,"[1.6831999998092613,1.333200000762929,7.215300000190723,2.7153999996185405,4.165500000000009,0.7161999998092483,1.2166999998092933,4.220100000381478,1.5671000003814584,1.5811999998092574,0.6164999999999736,1.6330999994277704,0.6481999998092647,0.6842999992370551,2.766600000381459,0.6328999996185303,0.6986999998092642,0.6891999998092615,4.165800000190757,0.8493000001907376,5.7035000000000196,0.9150999994277527,4.615600000381448,0.767100000381447,1.1156000003814484]","[1.6833000001907408,1.333200000762929,7.215300000190723,2.7154999999999916,4.165500000000009,0.7164000005722073,1.2168000001907444,4.220100000381478,1.5671000003814584,1.5813000001907085,0.6165999994277627,1.6332999992370674,0.6482999992370537,0.6845000000000141,2.766699999809248,0.6330000000000382,0.6988000001907722,0.6891999998092615,4.165900000572208,0.8493999996185266,5.703600000381471,0.9151999998092606,4.615700000762899,0.767100000381447,1.1157000007628994]",-0.298148092,4.7883,0.0,4.0,4.0,181.0,1.0,ik,mik,question_multimodal.png,im_combination.png,,,,,,
,,,993224,1,21,2023-09-14_15h58.55.794,flesh_expressibility_dutch,2022.2.4,Win32,60.04563468,,,,23.0,1.0,Nederlands,,,,,,Engels ,2.0,,0.0,,0.0,,0.0,,0.0,,0.0,,0.0,,0.0,NL,6.0,2.0,2.0,1.0,,sensorypref1,1280.0,720.0,,,,,,,,,,,,,,,,,,,,,,,,,,,,,,,,,,,,13.0,451.3946,26.0,"[1.6831999998092613,1.333200000762929,7.215300000190723,2.7153999996185405,4.165500000000009,0.7161999998092483,1.2166999998092933,4.220100000381478,1.5671000003814584,1.5811999998092574,0.6164999999999736,1.6330999994277704,0.6481999998092647,0.6842999992370551,2.766600000381459,0.6328999996185303,0.6986999998092642,0.6891999998092615,4.165800000190757,0.8493000001907376,5.7035000000000196,0.9150999994277527,4.615600000381448,0.767100000381447,1.1156000003814484,1.0995000000000346]","[1.6833000001907408,1.333200000762929,7.215300000190723,2.7154999999999916,4.165500000000009,0.7164000005722073,1.2168000001907444,4.220100000381478,1.5671000003814584,1.5813000001907085,0.6165999994277627,1.6332999992370674,0.6482999992370537,0.6845000000000141,2.766699999809248,0.6330000000000382,0.6988000001907722,0.6891999998092615,4.165900000572208,0.8493999996185266,5.703600000381471,0.9151999998092606,4.615700000762899,0.767100000381447,1.1157000007628994,1.0995999994278236]",0.151851908,4.8531,0.0,5.0,5.0,200.0,1.0,oud,moud,question_multimodal.png,im_combination.png,,,,,,
,,,993224,1,21,2023-09-14_15h58.55.794,flesh_expressibility_dutch,2022.2.4,Win32,60.04563468,,,,23.0,1.0,Nederlands,,,,,,Engels ,2.0,,0.0,,0.0,,0.0,,0.0,,0.0,,0.0,,0.0,NL,6.0,2.0,2.0,1.0,,sensorypref1,1280.0,720.0,,,,,,,,,,,,,,,,,,,,,,,,,,,,,,,,,,,,14.0,457.3352,27.0,"[1.6831999998092613,1.333200000762929,7.215300000190723,2.7153999996185405,4.165500000000009,0.7161999998092483,1.2166999998092933,4.220100000381478,1.5671000003814584,1.5811999998092574,0.6164999999999736,1.6330999994277704,0.6481999998092647,0.6842999992370551,2.766600000381459,0.6328999996185303,0.6986999998092642,0.6891999998092615,4.165800000190757,0.8493000001907376,5.7035000000000196,0.9150999994277527,4.615600000381448,0.767100000381447,1.1156000003814484,1.0995000000000346,0.5672000007629663]","[1.6833000001907408,1.333200000762929,7.215300000190723,2.7154999999999916,4.165500000000009,0.7164000005722073,1.2168000001907444,4.220100000381478,1.5671000003814584,1.5813000001907085,0.6165999994277627,1.6332999992370674,0.6482999992370537,0.6845000000000141,2.766699999809248,0.6330000000000382,0.6988000001907722,0.6891999998092615,4.165900000572208,0.8493999996185266,5.703600000381471,0.9151999998092606,4.615700000762899,0.767100000381447,1.1157000007628994,1.0995999994278236,0.5673000001907553]",0.183333333,5.0389,0.0,6.0,6.0,5.0,1.0,honing,mhoning,question_multimodal.png,im_combination.png,,,,,,
,,,993224,1,21,2023-09-14_15h58.55.794,flesh_expressibility_dutch,2022.2.4,Win32,60.04563468,,,,23.0,1.0,Nederlands,,,,,,Engels ,2.0,,0.0,,0.0,,0.0,,0.0,,0.0,,0.0,,0.0,NL,6.0,2.0,2.0,1.0,,sensorypref1,1280.0,720.0,,,,,,,,,,,,,,,,,,,,,,,,,,,,,,,,,,,,8.0,463.0705,28.0,"[1.6831999998092613,1.333200000762929,7.215300000190723,2.7153999996185405,4.165500000000009,0.7161999998092483,1.2166999998092933,4.220100000381478,1.5671000003814584,1.5811999998092574,0.6164999999999736,1.6330999994277704,0.6481999998092647,0.6842999992370551,2.766600000381459,0.6328999996185303,0.6986999998092642,0.6891999998092615,4.165800000190757,0.8493000001907376,5.7035000000000196,0.9150999994277527,4.615600000381448,0.767100000381447,1.1156000003814484,1.0995000000000346,0.5672000007629663,2.322499999999991]","[1.6833000001907408,1.333200000762929,7.215300000190723,2.7154999999999916,4.165500000000009,0.7164000005722073,1.2168000001907444,4.220100000381478,1.5671000003814584,1.5813000001907085,0.6165999994277627,1.6332999992370674,0.6482999992370537,0.6845000000000141,2.766699999809248,0.6330000000000382,0.6988000001907722,0.6891999998092615,4.165900000572208,0.8493999996185266,5.703600000381471,0.9151999998092606,4.615700000762899,0.767100000381447,1.1157000007628994,1.0995999994278236,0.5673000001907553,2.322499999999991]",0.864814928,5.518,0.0,7.0,7.0,1.0,1.0,zoemen,mzoemen,question_multimodal.png,im_combination.png,,,,,,
,,,993224,1,21,2023-09-14_15h58.55.794,flesh_expressibility_dutch,2022.2.4,Win32,60.04563468,,,,23.0,1.0,Nederlands,,,,,,Engels ,2.0,,0.0,,0.0,,0.0,,0.0,,0.0,,0.0,,0.0,NL,6.0,2.0,2.0,1.0,,sensorypref1,1280.0,720.0,,,,,,,,,,,,,,,,,,,,,,,,,,,,,,,,,,,,12.0,469.4232,29.0,"[1.6831999998092613,1.333200000762929,7.215300000190723,2.7153999996185405,4.165500000000009,0.7161999998092483,1.2166999998092933,4.220100000381478,1.5671000003814584,1.5811999998092574,0.6164999999999736,1.6330999994277704,0.6481999998092647,0.6842999992370551,2.766600000381459,0.6328999996185303,0.6986999998092642,0.6891999998092615,4.165800000190757,0.8493000001907376,5.7035000000000196,0.9150999994277527,4.615600000381448,0.767100000381447,1.1156000003814484,1.0995000000000346,0.5672000007629663,2.322499999999991,0.732699999809256]","[1.6833000001907408,1.333200000762929,7.215300000190723,2.7154999999999916,4.165500000000009,0.7164000005722073,1.2168000001907444,4.220100000381478,1.5671000003814584,1.5813000001907085,0.6165999994277627,1.6332999992370674,0.6482999992370537,0.6845000000000141,2.766699999809248,0.6330000000000382,0.6988000001907722,0.6891999998092615,4.165900000572208,0.8493999996185266,5.703600000381471,0.9151999998092606,4.615700000762899,0.767100000381447,1.1157000007628994,1.0995999994278236,0.5673000001907553,2.322499999999991,0.7328000001907071]",-0.048148092,5.4518,0.0,8.0,8.0,115.0,1.0,oor,moor,question_multimodal.png,im_combination.png,,,,,,
,,,993224,1,21,2023-09-14_15h58.55.794,flesh_expressibility_dutch,2022.2.4,Win32,60.04563468,,,,23.0,1.0,Nederlands,,,,,,Engels ,2.0,,0.0,,0.0,,0.0,,0.0,,0.0,,0.0,,0.0,NL,6.0,2.0,2.0,1.0,,sensorypref1,1280.0,720.0,,,,,,,,,,,,,,,,,,,,,,,,,,,,,,,,,,,,12.0,475.529,30.0,"[1.6831999998092613,1.333200000762929,7.215300000190723,2.7153999996185405,4.165500000000009,0.7161999998092483,1.2166999998092933,4.220100000381478,1.5671000003814584,1.5811999998092574,0.6164999999999736,1.6330999994277704,0.6481999998092647,0.6842999992370551,2.766600000381459,0.6328999996185303,0.6986999998092642,0.6891999998092615,4.165800000190757,0.8493000001907376,5.7035000000000196,0.9150999994277527,4.615600000381448,0.767100000381447,1.1156000003814484,1.0995000000000346,0.5672000007629663,2.322499999999991,0.732699999809256,0.8673000001907099]","[1.6833000001907408,1.333200000762929,7.215300000190723,2.7154999999999916,4.165500000000009,0.7164000005722073,1.2168000001907444,4.220100000381478,1.5671000003814584,1.5813000001907085,0.6165999994277627,1.6332999992370674,0.6482999992370537,0.6845000000000141,2.766699999809248,0.6330000000000382,0.6988000001907722,0.6891999998092615,4.165900000572208,0.8493999996185266,5.703600000381471,0.9151999998092606,4.615700000762899,0.767100000381447,1.1157000007628994,1.0995999994278236,0.5673000001907553,2.322499999999991,0.7328000001907071,0.8674000005722178]",0.403703817,3.5868,0.0,9.0,9.0,6.0,1.0,zuur,mzuur,question_multimodal.png,im_combination.png,,,,,,
,,,993224,1,21,2023-09-14_15h58.55.794,flesh_expressibility_dutch,2022.2.4,Win32,60.04563468,,,,23.0,1.0,Nederlands,,,,,,Engels ,2.0,,0.0,,0.0,,0.0,,0.0,,0.0,,0.0,,0.0,NL,6.0,2.0,2.0,1.0,,sensorypref1,1280.0,720.0,,,,,,,,,,,,,,,,,,,,,,,,,,,,,,,,,,,,15.0,480.8884,31.0,"[1.6831999998092613,1.333200000762929,7.215300000190723,2.7153999996185405,4.165500000000009,0.7161999998092483,1.2166999998092933,4.220100000381478,1.5671000003814584,1.5811999998092574,0.6164999999999736,1.6330999994277704,0.6481999998092647,0.6842999992370551,2.766600000381459,0.6328999996185303,0.6986999998092642,0.6891999998092615,4.165800000190757,0.8493000001907376,5.7035000000000196,0.9150999994277527,4.615600000381448,0.767100000381447,1.1156000003814484,1.0995000000000346,0.5672000007629663,2.322499999999991,0.732699999809256,0.8673000001907099,0.6659999999999968]","[1.6833000001907408,1.333200000762929,7.215300000190723,2.7154999999999916,4.165500000000009,0.7164000005722073,1.2168000001907444,4.220100000381478,1.5671000003814584,1.5813000001907085,0.6165999994277627,1.6332999992370674,0.6482999992370537,0.6845000000000141,2.766699999809248,0.6330000000000382,0.6988000001907722,0.6891999998092615,4.165900000572208,0.8493999996185266,5.703600000381471,0.9151999998092606,4.615700000762899,0.767100000381447,1.1157000007628994,1.0995999994278236,0.5673000001907553,2.322499999999991,0.7328000001907071,0.8674000005722178,0.6659999999999968]",0.635185242,4.6203,0.0,10.0,10.0,205.0,1.0,vork,mvork,question_multimodal.png,im_combination.png,,,,,,
,,,993224,1,21,2023-09-14_15h58.55.794,flesh_expressibility_dutch,2022.2.4,Win32,60.04563468,,,,23.0,1.0,Nederlands,,,,,,Engels ,2.0,,0.0,,0.0,,0.0,,0.0,,0.0,,0.0,,0.0,NL,6.0,2.0,2.0,1.0,,sensorypref1,1280.0,720.0,,,,,,,,,,,,,,,,,,,,,,,,,,,,,,,,,,,,9.0,485.3939,32.0,"[1.6831999998092613,1.333200000762929,7.215300000190723,2.7153999996185405,4.165500000000009,0.7161999998092483,1.2166999998092933,4.220100000381478,1.5671000003814584,1.5811999998092574,0.6164999999999736,1.6330999994277704,0.6481999998092647,0.6842999992370551,2.766600000381459,0.6328999996185303,0.6986999998092642,0.6891999998092615,4.165800000190757,0.8493000001907376,5.7035000000000196,0.9150999994277527,4.615600000381448,0.767100000381447,1.1156000003814484,1.0995000000000346,0.5672000007629663,2.322499999999991,0.732699999809256,0.8673000001907099,0.6659999999999968,0.6505000000000223]","[1.6833000001907408,1.333200000762929,7.215300000190723,2.7154999999999916,4.165500000000009,0.7164000005722073,1.2168000001907444,4.220100000381478,1.5671000003814584,1.5813000001907085,0.6165999994277627,1.6332999992370674,0.6482999992370537,0.6845000000000141,2.766699999809248,0.6330000000000382,0.6988000001907722,0.6891999998092615,4.165900000572208,0.8493999996185266,5.703600000381471,0.9151999998092606,4.615700000762899,0.767100000381447,1.1157000007628994,1.0995999994278236,0.5673000001907553,2.322499999999991,0.7328000001907071,0.8674000005722178,0.6659999999999968,0.6505999994278113]",0.233333333,4.2672,0.0,11.0,11.0,142.0,1.0,verbrijzelen,mverbrijzelen,question_multimodal.png,im_combination.png,,,,,,
,,,993224,1,21,2023-09-14_15h58.55.794,flesh_expressibility_dutch,2022.2.4,Win32,60.04563468,,,,23.0,1.0,Nederlands,,,,,,Engels ,2.0,,0.0,,0.0,,0.0,,0.0,,0.0,,0.0,,0.0,NL,6.0,2.0,2.0,1.0,,sensorypref1,1280.0,720.0,,,,,,,,,,,,,,,,,,,,,,,,,,,,,,,,,,,,12.0,490.3093,33.0,"[1.6831999998092613,1.333200000762929,7.215300000190723,2.7153999996185405,4.165500000000009,0.7161999998092483,1.2166999998092933,4.220100000381478,1.5671000003814584,1.5811999998092574,0.6164999999999736,1.6330999994277704,0.6481999998092647,0.6842999992370551,2.766600000381459,0.6328999996185303,0.6986999998092642,0.6891999998092615,4.165800000190757,0.8493000001907376,5.7035000000000196,0.9150999994277527,4.615600000381448,0.767100000381447,1.1156000003814484,1.0995000000000346,0.5672000007629663,2.322499999999991,0.732699999809256,0.8673000001907099,0.6659999999999968,0.6505000000000223,0.6998999996185375]","[1.6833000001907408,1.333200000762929,7.215300000190723,2.7154999999999916,4.165500000000009,0.7164000005722073,1.2168000001907444,4.220100000381478,1.5671000003814584,1.5813000001907085,0.6165999994277627,1.6332999992370674,0.6482999992370537,0.6845000000000141,2.766699999809248,0.6330000000000382,0.6988000001907722,0.6891999998092615,4.165900000572208,0.8493999996185266,5.703600000381471,0.9151999998092606,4.615700000762899,0.767100000381447,1.1157000007628994,1.0995999994278236,0.5673000001907553,2.322499999999991,0.7328000001907071,0.8674000005722178,0.6659999999999968,0.6505999994278113,0.6998999996185375]",0.511111111,3.4629,0.0,12.0,12.0,206.0,1.0,lepel,mlepel,question_multimodal.png,im_combination.png,,,,,,
,,,993224,1,21,2023-09-14_15h58.55.794,flesh_expressibility_dutch,2022.2.4,Win32,60.04563468,,,,23.0,1.0,Nederlands,,,,,,Engels ,2.0,,0.0,,0.0,,0.0,,0.0,,0.0,,0.0,,0.0,NL,6.0,2.0,2.0,1.0,,sensorypref1,1280.0,720.0,,,,,,,,,,,,,,,,,,,,,,,,,,,,,,,,,,,,10.0,494.4103,34.0,"[1.6831999998092613,1.333200000762929,7.215300000190723,2.7153999996185405,4.165500000000009,0.7161999998092483,1.2166999998092933,4.220100000381478,1.5671000003814584,1.5811999998092574,0.6164999999999736,1.6330999994277704,0.6481999998092647,0.6842999992370551,2.766600000381459,0.6328999996185303,0.6986999998092642,0.6891999998092615,4.165800000190757,0.8493000001907376,5.7035000000000196,0.9150999994277527,4.615600000381448,0.767100000381447,1.1156000003814484,1.0995000000000346,0.5672000007629663,2.322499999999991,0.732699999809256,0.8673000001907099,0.6659999999999968,0.6505000000000223,0.6998999996185375,1.9698000001907303]","[1.6833000001907408,1.333200000762929,7.215300000190723,2.7154999999999916,4.165500000000009,0.7164000005722073,1.2168000001907444,4.220100000381478,1.5671000003814584,1.5813000001907085,0.6165999994277627,1.6332999992370674,0.6482999992370537,0.6845000000000141,2.766699999809248,0.6330000000000382,0.6988000001907722,0.6891999998092615,4.165900000572208,0.8493999996185266,5.703600000381471,0.9151999998092606,4.615700000762899,0.767100000381447,1.1157000007628994,1.0995999994278236,0.5673000001907553,2.322499999999991,0.7328000001907071,0.8674000005722178,0.6659999999999968,0.6505999994278113,0.6998999996185375,1.9698999996185194]",-0.055555556,6.367900001,0.0,13.0,13.0,79.0,1.0,veel,mveel,question_multimodal.png,im_combination.png,,,,,,
,,,993224,1,21,2023-09-14_15h58.55.794,flesh_expressibility_dutch,2022.2.4,Win32,60.04563468,,,,23.0,1.0,Nederlands,,,,,,Engels ,2.0,,0.0,,0.0,,0.0,,0.0,,0.0,,0.0,,0.0,NL,6.0,2.0,2.0,1.0,,sensorypref1,1280.0,720.0,,,,,,,,,,,,,,,,,,,,,,,,,,,,,,,,,,,,14.0,501.5864,35.0,"[1.6831999998092613,1.333200000762929,7.215300000190723,2.7153999996185405,4.165500000000009,0.7161999998092483,1.2166999998092933,4.220100000381478,1.5671000003814584,1.5811999998092574,0.6164999999999736,1.6330999994277704,0.6481999998092647,0.6842999992370551,2.766600000381459,0.6328999996185303,0.6986999998092642,0.6891999998092615,4.165800000190757,0.8493000001907376,5.7035000000000196,0.9150999994277527,4.615600000381448,0.767100000381447,1.1156000003814484,1.0995000000000346,0.5672000007629663,2.322499999999991,0.732699999809256,0.8673000001907099,0.6659999999999968,0.6505000000000223,0.6998999996185375,1.9698000001907303,1.5012999992371192]","[1.6833000001907408,1.333200000762929,7.215300000190723,2.7154999999999916,4.165500000000009,0.7164000005722073,1.2168000001907444,4.220100000381478,1.5671000003814584,1.5813000001907085,0.6165999994277627,1.6332999992370674,0.6482999992370537,0.6845000000000141,2.766699999809248,0.6330000000000382,0.6988000001907722,0.6891999998092615,4.165900000572208,0.8493999996185266,5.703600000381471,0.9151999998092606,4.615700000762899,0.767100000381447,1.1157000007628994,1.0995999994278236,0.5673000001907553,2.322499999999991,0.7328000001907071,0.8674000005722178,0.6659999999999968,0.6505999994278113,0.6998999996185375,1.9698999996185194,1.5013999996186271]",0.077777778,5.380200001,0.0,14.0,14.0,114.0,1.0,borst,mborst,question_multimodal.png,im_combination.png,,,,,,
,,,993224,1,21,2023-09-14_15h58.55.794,flesh_expressibility_dutch,2022.2.4,Win32,60.04563468,,,,23.0,1.0,Nederlands,,,,,,Engels ,2.0,,0.0,,0.0,,0.0,,0.0,,0.0,,0.0,,0.0,NL,6.0,2.0,2.0,1.0,,sensorypref1,1280.0,720.0,,,,,,,,,,,,,,,,,,,,,,,,,,,,,,,,,,,,18.0,507.513,36.0,"[1.6831999998092613,1.333200000762929,7.215300000190723,2.7153999996185405,4.165500000000009,0.7161999998092483,1.2166999998092933,4.220100000381478,1.5671000003814584,1.5811999998092574,0.6164999999999736,1.6330999994277704,0.6481999998092647,0.6842999992370551,2.766600000381459,0.6328999996185303,0.6986999998092642,0.6891999998092615,4.165800000190757,0.8493000001907376,5.7035000000000196,0.9150999994277527,4.615600000381448,0.767100000381447,1.1156000003814484,1.0995000000000346,0.5672000007629663,2.322499999999991,0.732699999809256,0.8673000001907099,0.6659999999999968,0.6505000000000223,0.6998999996185375,1.9698000001907303,1.5012999992371192,0.6151999998091924]","[1.6833000001907408,1.333200000762929,7.215300000190723,2.7154999999999916,4.165500000000009,0.7164000005722073,1.2168000001907444,4.220100000381478,1.5671000003814584,1.5813000001907085,0.6165999994277627,1.6332999992370674,0.6482999992370537,0.6845000000000141,2.766699999809248,0.6330000000000382,0.6988000001907722,0.6891999998092615,4.165900000572208,0.8493999996185266,5.703600000381471,0.9151999998092606,4.615700000762899,0.767100000381447,1.1157000007628994,1.0995999994278236,0.5673000001907553,2.322499999999991,0.7328000001907071,0.8674000005722178,0.6659999999999968,0.6505999994278113,0.6998999996185375,1.9698999996185194,1.5013999996186271,0.6153999996184893]",0.351851908,5.685,0.0,15.0,15.0,147.0,1.0,knopen,mknopen,question_multimodal.png,im_combination.png,,,,,,
,,,993224,1,21,2023-09-14_15h58.55.794,flesh_expressibility_dutch,2022.2.4,Win32,60.04563468,,,,23.0,1.0,Nederlands,,,,,,Engels ,2.0,,0.0,,0.0,,0.0,,0.0,,0.0,,0.0,,0.0,NL,6.0,2.0,2.0,1.0,,sensorypref1,1280.0,720.0,,,,,,,,,,,,,,,,,,,,,,,,,,,,,,,,,,,,8.0,513.9824,37.0,"[1.6831999998092613,1.333200000762929,7.215300000190723,2.7153999996185405,4.165500000000009,0.7161999998092483,1.2166999998092933,4.220100000381478,1.5671000003814584,1.5811999998092574,0.6164999999999736,1.6330999994277704,0.6481999998092647,0.6842999992370551,2.766600000381459,0.6328999996185303,0.6986999998092642,0.6891999998092615,4.165800000190757,0.8493000001907376,5.7035000000000196,0.9150999994277527,4.615600000381448,0.767100000381447,1.1156000003814484,1.0995000000000346,0.5672000007629663,2.322499999999991,0.732699999809256,0.8673000001907099,0.6659999999999968,0.6505000000000223,0.6998999996185375,1.9698000001907303,1.5012999992371192,0.6151999998091924,1.1000000000000227]","[1.6833000001907408,1.333200000762929,7.215300000190723,2.7154999999999916,4.165500000000009,0.7164000005722073,1.2168000001907444,4.220100000381478,1.5671000003814584,1.5813000001907085,0.6165999994277627,1.6332999992370674,0.6482999992370537,0.6845000000000141,2.766699999809248,0.6330000000000382,0.6988000001907722,0.6891999998092615,4.165900000572208,0.8493999996185266,5.703600000381471,0.9151999998092606,4.615700000762899,0.767100000381447,1.1157000007628994,1.0995999994278236,0.5673000001907553,2.322499999999991,0.7328000001907071,0.8674000005722178,0.6659999999999968,0.6505999994278113,0.6998999996185375,1.9698999996185194,1.5013999996186271,0.6153999996184893,1.1000999994278118]",-0.351851739,3.6707,0.0,16.0,16.0,99.0,1.0,mier,mmier,question_multimodal.png,im_combination.png,,,,,,
,,,993224,1,21,2023-09-14_15h58.55.794,flesh_expressibility_dutch,2022.2.4,Win32,60.04563468,,,,23.0,1.0,Nederlands,,,,,,Engels ,2.0,,0.0,,0.0,,0.0,,0.0,,0.0,,0.0,,0.0,NL,6.0,2.0,2.0,1.0,,sensorypref1,1280.0,720.0,,,,,,,,,,,,,,,,,,,,,,,,,,,,,,,,,,,,10.0,518.5724,38.0,"[1.6831999998092613,1.333200000762929,7.215300000190723,2.7153999996185405,4.165500000000009,0.7161999998092483,1.2166999998092933,4.220100000381478,1.5671000003814584,1.5811999998092574,0.6164999999999736,1.6330999994277704,0.6481999998092647,0.6842999992370551,2.766600000381459,0.6328999996185303,0.6986999998092642,0.6891999998092615,4.165800000190757,0.8493000001907376,5.7035000000000196,0.9150999994277527,4.615600000381448,0.767100000381447,1.1156000003814484,1.0995000000000346,0.5672000007629663,2.322499999999991,0.732699999809256,0.8673000001907099,0.6659999999999968,0.6505000000000223,0.6998999996185375,1.9698000001907303,1.5012999992371192,0.6151999998091924,1.1000000000000227,0.666800000190733]","[1.6833000001907408,1.333200000762929,7.215300000190723,2.7154999999999916,4.165500000000009,0.7164000005722073,1.2168000001907444,4.220100000381478,1.5671000003814584,1.5813000001907085,0.6165999994277627,1.6332999992370674,0.6482999992370537,0.6845000000000141,2.766699999809248,0.6330000000000382,0.6988000001907722,0.6891999998092615,4.165900000572208,0.8493999996185266,5.703600000381471,0.9151999998092606,4.615700000762899,0.767100000381447,1.1157000007628994,1.0995999994278236,0.5673000001907553,2.322499999999991,0.7328000001907071,0.8674000005722178,0.6659999999999968,0.6505999994278113,0.6998999996185375,1.9698999996185194,1.5013999996186271,0.6153999996184893,1.1000999994278118,0.666800000190733]",-0.483333333,5.220599999,0.0,17.0,17.0,24.0,1.0,levend,mlevend,question_multimodal.png,im_combination.png,,,,,,
,,,993224,1,21,2023-09-14_15h58.55.794,flesh_expressibility_dutch,2022.2.4,Win32,60.04563468,,,,23.0,1.0,Nederlands,,,,,,Engels ,2.0,,0.0,,0.0,,0.0,,0.0,,0.0,,0.0,,0.0,NL,6.0,2.0,2.0,1.0,,sensorypref1,1280.0,720.0,,,,,,,,,,,,,,,,,,,,,,,,,,,,,,,,,,,,11.0,524.513,39.0,"[1.6831999998092613,1.333200000762929,7.215300000190723,2.7153999996185405,4.165500000000009,0.7161999998092483,1.2166999998092933,4.220100000381478,1.5671000003814584,1.5811999998092574,0.6164999999999736,1.6330999994277704,0.6481999998092647,0.6842999992370551,2.766600000381459,0.6328999996185303,0.6986999998092642,0.6891999998092615,4.165800000190757,0.8493000001907376,5.7035000000000196,0.9150999994277527,4.615600000381448,0.767100000381447,1.1156000003814484,1.0995000000000346,0.5672000007629663,2.322499999999991,0.732699999809256,0.8673000001907099,0.6659999999999968,0.6505000000000223,0.6998999996185375,1.9698000001907303,1.5012999992371192,0.6151999998091924,1.1000000000000227,0.666800000190733,0.9316999998093252]","[1.6833000001907408,1.333200000762929,7.215300000190723,2.7154999999999916,4.165500000000009,0.7164000005722073,1.2168000001907444,4.220100000381478,1.5671000003814584,1.5813000001907085,0.6165999994277627,1.6332999992370674,0.6482999992370537,0.6845000000000141,2.766699999809248,0.6330000000000382,0.6988000001907722,0.6891999998092615,4.165900000572208,0.8493999996185266,5.703600000381471,0.9151999998092606,4.615700000762899,0.767100000381447,1.1157000007628994,1.0995999994278236,0.5673000001907553,2.322499999999991,0.7328000001907071,0.8674000005722178,0.6659999999999968,0.6505999994278113,0.6998999996185375,1.9698999996185194,1.5013999996186271,0.6153999996184893,1.1000999994278118,0.666800000190733,0.9316999998093252]",-0.081481425,6.073599999,0.0,18.0,18.0,192.0,1.0,vlees,mvlees,question_multimodal.png,im_combination.png,,,,,,
,,,993224,1,21,2023-09-14_15h58.55.794,flesh_expressibility_dutch,2022.2.4,Win32,60.04563468,,,,23.0,1.0,Nederlands,,,,,,Engels ,2.0,,0.0,,0.0,,0.0,,0.0,,0.0,,0.0,,0.0,NL,6.0,2.0,2.0,1.0,,sensorypref1,1280.0,720.0,,,,,,,,,,,,,,,,,,,,,,,,,,,,,,,,,,,,17.0,531.4749,40.0,"[1.6831999998092613,1.333200000762929,7.215300000190723,2.7153999996185405,4.165500000000009,0.7161999998092483,1.2166999998092933,4.220100000381478,1.5671000003814584,1.5811999998092574,0.6164999999999736,1.6330999994277704,0.6481999998092647,0.6842999992370551,2.766600000381459,0.6328999996185303,0.6986999998092642,0.6891999998092615,4.165800000190757,0.8493000001907376,5.7035000000000196,0.9150999994277527,4.615600000381448,0.767100000381447,1.1156000003814484,1.0995000000000346,0.5672000007629663,2.322499999999991,0.732699999809256,0.8673000001907099,0.6659999999999968,0.6505000000000223,0.6998999996185375,1.9698000001907303,1.5012999992371192,0.6151999998091924,1.1000000000000227,0.666800000190733,0.9316999998093252,0.6324000005721473]","[1.6833000001907408,1.333200000762929,7.215300000190723,2.7154999999999916,4.165500000000009,0.7164000005722073,1.2168000001907444,4.220100000381478,1.5671000003814584,1.5813000001907085,0.6165999994277627,1.6332999992370674,0.6482999992370537,0.6845000000000141,2.766699999809248,0.6330000000000382,0.6988000001907722,0.6891999998092615,4.165900000572208,0.8493999996185266,5.703600000381471,0.9151999998092606,4.615700000762899,0.767100000381447,1.1157000007628994,1.0995999994278236,0.5673000001907553,2.322499999999991,0.7328000001907071,0.8674000005722178,0.6659999999999968,0.6505999994278113,0.6998999996185375,1.9698999996185194,1.5013999996186271,0.6153999996184893,1.1000999994278118,0.666800000190733,0.9316999998093252,0.6324999999999363]",0.148148261,5.4873,0.0,19.0,19.0,128.0,1.0,weten,mweten,question_multimodal.png,im_combination.png,,,,,,
,,,993224,1,21,2023-09-14_15h58.55.794,flesh_expressibility_dutch,2022.2.4,Win32,60.04563468,,,,23.0,1.0,Nederlands,,,,,,Engels ,2.0,,0.0,,0.0,,0.0,,0.0,,0.0,,0.0,,0.0,NL,6.0,2.0,2.0,1.0,,sensorypref1,1280.0,720.0,,,,,,,,,,,,,,,,,,,,,,,,,,,,,,3.0,"[211.14950000000002,404.0853000001907,540.1241000003815]","[211.14969999980926,404.0853000001907,540.1241000003815]",3.0,"[214.8299000005722,406.9171000003815,542.0554000005723]","[214.8299000005722,406.9171000003815,542.0555]",16.0,543.5586,41.0,"[1.6831999998092613,1.333200000762929,7.215300000190723,2.7153999996185405,4.165500000000009,0.7161999998092483,1.2166999998092933,4.220100000381478,1.5671000003814584,1.5811999998092574,0.6164999999999736,1.6330999994277704,0.6481999998092647,0.6842999992370551,2.766600000381459,0.6328999996185303,0.6986999998092642,0.6891999998092615,4.165800000190757,0.8493000001907376,5.7035000000000196,0.9150999994277527,4.615600000381448,0.767100000381447,1.1156000003814484,1.0995000000000346,0.5672000007629663,2.322499999999991,0.732699999809256,0.8673000001907099,0.6659999999999968,0.6505000000000223,0.6998999996185375,1.9698000001907303,1.5012999992371192,0.6151999998091924,1.1000000000000227,0.666800000190733,0.9316999998093252,0.6324000005721473,0.7554999999999836]","[1.6833000001907408,1.333200000762929,7.215300000190723,2.7154999999999916,4.165500000000009,0.7164000005722073,1.2168000001907444,4.220100000381478,1.5671000003814584,1.5813000001907085,0.6165999994277627,1.6332999992370674,0.6482999992370537,0.6845000000000141,2.766699999809248,0.6330000000000382,0.6988000001907722,0.6891999998092615,4.165900000572208,0.8493999996185266,5.703600000381471,0.9151999998092606,4.615700000762899,0.767100000381447,1.1157000007628994,1.0995999994278236,0.5673000001907553,2.322499999999991,0.7328000001907071,0.8674000005722178,0.6659999999999968,0.6505999994278113,0.6998999996185375,1.9698999996185194,1.5013999996186271,0.6153999996184893,1.1000999994278118,0.666800000190733,0.9316999998093252,0.6324999999999363,0.7555999994277727]",-0.648148092,4.3468,0.0,0.0,0.0,27.0,1.0,gezond,vgezond,question_vocal.png,im_mouth.png,,,,,,
,,,993224,1,21,2023-09-14_15h58.55.794,flesh_expressibility_dutch,2022.2.4,Win32,60.04563468,,,,23.0,1.0,Nederlands,,,,,,Engels ,2.0,,0.0,,0.0,,0.0,,0.0,,0.0,,0.0,,0.0,NL,6.0,2.0,2.0,1.0,,sensorypref1,1280.0,720.0,,,,,,,,,,,,,,,,,,,,,,,,,,,,,,,,,,,,11.0,548.5764,42.0,"[1.6831999998092613,1.333200000762929,7.215300000190723,2.7153999996185405,4.165500000000009,0.7161999998092483,1.2166999998092933,4.220100000381478,1.5671000003814584,1.5811999998092574,0.6164999999999736,1.6330999994277704,0.6481999998092647,0.6842999992370551,2.766600000381459,0.6328999996185303,0.6986999998092642,0.6891999998092615,4.165800000190757,0.8493000001907376,5.7035000000000196,0.9150999994277527,4.615600000381448,0.767100000381447,1.1156000003814484,1.0995000000000346,0.5672000007629663,2.322499999999991,0.732699999809256,0.8673000001907099,0.6659999999999968,0.6505000000000223,0.6998999996185375,1.9698000001907303,1.5012999992371192,0.6151999998091924,1.1000000000000227,0.666800000190733,0.9316999998093252,0.6324000005721473,0.7554999999999836,4.864600000381415]","[1.6833000001907408,1.333200000762929,7.215300000190723,2.7154999999999916,4.165500000000009,0.7164000005722073,1.2168000001907444,4.220100000381478,1.5671000003814584,1.5813000001907085,0.6165999994277627,1.6332999992370674,0.6482999992370537,0.6845000000000141,2.766699999809248,0.6330000000000382,0.6988000001907722,0.6891999998092615,4.165900000572208,0.8493999996185266,5.703600000381471,0.9151999998092606,4.615700000762899,0.767100000381447,1.1157000007628994,1.0995999994278236,0.5673000001907553,2.322499999999991,0.7328000001907071,0.8674000005722178,0.6659999999999968,0.6505999994278113,0.6998999996185375,1.9698999996185194,1.5013999996186271,0.6153999996184893,1.1000999994278118,0.666800000190733,0.9316999998093252,0.6324999999999363,0.7555999994277727,4.864600000381415]",-0.801851824,4.5832,0.0,1.0,1.0,160.0,1.0,wie,vwie,question_vocal.png,im_mouth.png,,,,,,
,,,993224,1,21,2023-09-14_15h58.55.794,flesh_expressibility_dutch,2022.2.4,Win32,60.04563468,,,,23.0,1.0,Nederlands,,,,,,Engels ,2.0,,0.0,,0.0,,0.0,,0.0,,0.0,,0.0,,0.0,NL,6.0,2.0,2.0,1.0,,sensorypref1,1280.0,720.0,,,,,,,,,,,,,,,,,,,,,,,,,,,,,,,,,,,,10.0,558.0997,43.0,"[1.6831999998092613,1.333200000762929,7.215300000190723,2.7153999996185405,4.165500000000009,0.7161999998092483,1.2166999998092933,4.220100000381478,1.5671000003814584,1.5811999998092574,0.6164999999999736,1.6330999994277704,0.6481999998092647,0.6842999992370551,2.766600000381459,0.6328999996185303,0.6986999998092642,0.6891999998092615,4.165800000190757,0.8493000001907376,5.7035000000000196,0.9150999994277527,4.615600000381448,0.767100000381447,1.1156000003814484,1.0995000000000346,0.5672000007629663,2.322499999999991,0.732699999809256,0.8673000001907099,0.6659999999999968,0.6505000000000223,0.6998999996185375,1.9698000001907303,1.5012999992371192,0.6151999998091924,1.1000000000000227,0.666800000190733,0.9316999998093252,0.6324000005721473,0.7554999999999836,4.864600000381415,5.797800000190705]","[1.6833000001907408,1.333200000762929,7.215300000190723,2.7154999999999916,4.165500000000009,0.7164000005722073,1.2168000001907444,4.220100000381478,1.5671000003814584,1.5813000001907085,0.6165999994277627,1.6332999992370674,0.6482999992370537,0.6845000000000141,2.766699999809248,0.6330000000000382,0.6988000001907722,0.6891999998092615,4.165900000572208,0.8493999996185266,5.703600000381471,0.9151999998092606,4.615700000762899,0.767100000381447,1.1157000007628994,1.0995999994278236,0.5673000001907553,2.322499999999991,0.7328000001907071,0.8674000005722178,0.6659999999999968,0.6505999994278113,0.6998999996185375,1.9698999996185194,1.5013999996186271,0.6153999996184893,1.1000999994278118,0.666800000190733,0.9316999998093252,0.6324999999999363,0.7555999994277727,4.864600000381415,5.797800000190705]",-0.885185157,9.666599999,0.0,2.0,2.0,166.0,1.0,zwart,vzwart,question_vocal.png,im_mouth.png,,,,,,
,,,993224,1,21,2023-09-14_15h58.55.794,flesh_expressibility_dutch,2022.2.4,Win32,60.04563468,,,,23.0,1.0,Nederlands,,,,,,Engels ,2.0,,0.0,,0.0,,0.0,,0.0,,0.0,,0.0,,0.0,NL,6.0,2.0,2.0,1.0,,sensorypref1,1280.0,720.0,,,,,,,,,,,,,,,,,,,,,,,,,,,,,,,,,,,,10.0,568.5439,44.0,"[1.6831999998092613,1.333200000762929,7.215300000190723,2.7153999996185405,4.165500000000009,0.7161999998092483,1.2166999998092933,4.220100000381478,1.5671000003814584,1.5811999998092574,0.6164999999999736,1.6330999994277704,0.6481999998092647,0.6842999992370551,2.766600000381459,0.6328999996185303,0.6986999998092642,0.6891999998092615,4.165800000190757,0.8493000001907376,5.7035000000000196,0.9150999994277527,4.615600000381448,0.767100000381447,1.1156000003814484,1.0995000000000346,0.5672000007629663,2.322499999999991,0.732699999809256,0.8673000001907099,0.6659999999999968,0.6505000000000223,0.6998999996185375,1.9698000001907303,1.5012999992371192,0.6151999998091924,1.1000000000000227,0.666800000190733,0.9316999998093252,0.6324000005721473,0.7554999999999836,4.864600000381415,5.797800000190705,4.064800000190758]","[1.6833000001907408,1.333200000762929,7.215300000190723,2.7154999999999916,4.165500000000009,0.7164000005722073,1.2168000001907444,4.220100000381478,1.5671000003814584,1.5813000001907085,0.6165999994277627,1.6332999992370674,0.6482999992370537,0.6845000000000141,2.766699999809248,0.6330000000000382,0.6988000001907722,0.6891999998092615,4.165900000572208,0.8493999996185266,5.703600000381471,0.9151999998092606,4.615700000762899,0.767100000381447,1.1157000007628994,1.0995999994278236,0.5673000001907553,2.322499999999991,0.7328000001907071,0.8674000005722178,0.6659999999999968,0.6505999994278113,0.6998999996185375,1.9698999996185194,1.5013999996186271,0.6153999996184893,1.1000999994278118,0.666800000190733,0.9316999998093252,0.6324999999999363,0.7555999994277727,4.864600000381415,5.797800000190705,4.0649000005722655]",-0.6,8.819099999,0.0,3.0,3.0,158.0,1.0,hout,vhout,question_vocal.png,im_mouth.png,,,,,,
,,,993224,1,21,2023-09-14_15h58.55.794,flesh_expressibility_dutch,2022.2.4,Win32,60.04563468,,,,23.0,1.0,Nederlands,,,,,,Engels ,2.0,,0.0,,0.0,,0.0,,0.0,,0.0,,0.0,,0.0,NL,6.0,2.0,2.0,1.0,,sensorypref1,1280.0,720.0,,,,,,,,,,,,,,,,,,,,,,,,,,,,,,,,,,,,11.0,577.931,45.0,"[1.6831999998092613,1.333200000762929,7.215300000190723,2.7153999996185405,4.165500000000009,0.7161999998092483,1.2166999998092933,4.220100000381478,1.5671000003814584,1.5811999998092574,0.6164999999999736,1.6330999994277704,0.6481999998092647,0.6842999992370551,2.766600000381459,0.6328999996185303,0.6986999998092642,0.6891999998092615,4.165800000190757,0.8493000001907376,5.7035000000000196,0.9150999994277527,4.615600000381448,0.767100000381447,1.1156000003814484,1.0995000000000346,0.5672000007629663,2.322499999999991,0.732699999809256,0.8673000001907099,0.6659999999999968,0.6505000000000223,0.6998999996185375,1.9698000001907303,1.5012999992371192,0.6151999998091924,1.1000000000000227,0.666800000190733,0.9316999998093252,0.6324000005721473,0.7554999999999836,4.864600000381415,5.797800000190705,4.064800000190758,0.5978999996185621]","[1.6833000001907408,1.333200000762929,7.215300000190723,2.7154999999999916,4.165500000000009,0.7164000005722073,1.2168000001907444,4.220100000381478,1.5671000003814584,1.5813000001907085,0.6165999994277627,1.6332999992370674,0.6482999992370537,0.6845000000000141,2.766699999809248,0.6330000000000382,0.6988000001907722,0.6891999998092615,4.165900000572208,0.8493999996185266,5.703600000381471,0.9151999998092606,4.615700000762899,0.767100000381447,1.1157000007628994,1.0995999994278236,0.5673000001907553,2.322499999999991,0.7328000001907071,0.8674000005722178,0.6659999999999968,0.6505999994278113,0.6998999996185375,1.9698999996185194,1.5013999996186271,0.6153999996184893,1.1000999994278118,0.666800000190733,0.9316999998093252,0.6324999999999363,0.7555999994277727,4.864600000381415,5.797800000190705,4.0649000005722655,0.5978999996185621]",-0.716666667,4.1228,0.0,4.0,4.0,205.0,1.0,vork,vvork,question_vocal.png,im_mouth.png,,,,,,
,,,993224,1,21,2023-09-14_15h58.55.794,flesh_expressibility_dutch,2022.2.4,Win32,60.04563468,,,,23.0,1.0,Nederlands,,,,,,Engels ,2.0,,0.0,,0.0,,0.0,,0.0,,0.0,,0.0,,0.0,NL,6.0,2.0,2.0,1.0,,sensorypref1,1280.0,720.0,,,,,,,,,,,,,,,,,,,,,,,,,,,,,,,,,,,,19.0,582.676,46.0,"[1.6831999998092613,1.333200000762929,7.215300000190723,2.7153999996185405,4.165500000000009,0.7161999998092483,1.2166999998092933,4.220100000381478,1.5671000003814584,1.5811999998092574,0.6164999999999736,1.6330999994277704,0.6481999998092647,0.6842999992370551,2.766600000381459,0.6328999996185303,0.6986999998092642,0.6891999998092615,4.165800000190757,0.8493000001907376,5.7035000000000196,0.9150999994277527,4.615600000381448,0.767100000381447,1.1156000003814484,1.0995000000000346,0.5672000007629663,2.322499999999991,0.732699999809256,0.8673000001907099,0.6659999999999968,0.6505000000000223,0.6998999996185375,1.9698000001907303,1.5012999992371192,0.6151999998091924,1.1000000000000227,0.666800000190733,0.9316999998093252,0.6324000005721473,0.7554999999999836,4.864600000381415,5.797800000190705,4.064800000190758,0.5978999996185621,0.7160000000000082]","[1.6833000001907408,1.333200000762929,7.215300000190723,2.7154999999999916,4.165500000000009,0.7164000005722073,1.2168000001907444,4.220100000381478,1.5671000003814584,1.5813000001907085,0.6165999994277627,1.6332999992370674,0.6482999992370537,0.6845000000000141,2.766699999809248,0.6330000000000382,0.6988000001907722,0.6891999998092615,4.165900000572208,0.8493999996185266,5.703600000381471,0.9151999998092606,4.615700000762899,0.767100000381447,1.1157000007628994,1.0995999994278236,0.5673000001907553,2.322499999999991,0.7328000001907071,0.8674000005722178,0.6659999999999968,0.6505999994278113,0.6998999996185375,1.9698999996185194,1.5013999996186271,0.6153999996184893,1.1000999994278118,0.666800000190733,0.9316999998093252,0.6324999999999363,0.7555999994277727,4.864600000381415,5.797800000190705,4.0649000005722655,0.5978999996185621,0.7160999994277972]",0.612963019,4.038200001,0.0,5.0,5.0,41.0,1.0,bliksem,vbliksem,question_vocal.png,im_mouth.png,,,,,,
,,,993224,1,21,2023-09-14_15h58.55.794,flesh_expressibility_dutch,2022.2.4,Win32,60.04563468,,,,23.0,1.0,Nederlands,,,,,,Engels ,2.0,,0.0,,0.0,,0.0,,0.0,,0.0,,0.0,,0.0,NL,6.0,2.0,2.0,1.0,,sensorypref1,1280.0,720.0,,,,,,,,,,,,,,,,,,,,,,,,,,,,,,,,,,,,13.0,587.3864,47.0,"[1.6831999998092613,1.333200000762929,7.215300000190723,2.7153999996185405,4.165500000000009,0.7161999998092483,1.2166999998092933,4.220100000381478,1.5671000003814584,1.5811999998092574,0.6164999999999736,1.6330999994277704,0.6481999998092647,0.6842999992370551,2.766600000381459,0.6328999996185303,0.6986999998092642,0.6891999998092615,4.165800000190757,0.8493000001907376,5.7035000000000196,0.9150999994277527,4.615600000381448,0.767100000381447,1.1156000003814484,1.0995000000000346,0.5672000007629663,2.322499999999991,0.732699999809256,0.8673000001907099,0.6659999999999968,0.6505000000000223,0.6998999996185375,1.9698000001907303,1.5012999992371192,0.6151999998091924,1.1000000000000227,0.666800000190733,0.9316999998093252,0.6324000005721473,0.7554999999999836,4.864600000381415,5.797800000190705,4.064800000190758,0.5978999996185621,0.7160000000000082,2.064900000572152]","[1.6833000001907408,1.333200000762929,7.215300000190723,2.7154999999999916,4.165500000000009,0.7164000005722073,1.2168000001907444,4.220100000381478,1.5671000003814584,1.5813000001907085,0.6165999994277627,1.6332999992370674,0.6482999992370537,0.6845000000000141,2.766699999809248,0.6330000000000382,0.6988000001907722,0.6891999998092615,4.165900000572208,0.8493999996185266,5.703600000381471,0.9151999998092606,4.615700000762899,0.767100000381447,1.1157000007628994,1.0995999994278236,0.5673000001907553,2.322499999999991,0.7328000001907071,0.8674000005722178,0.6659999999999968,0.6505999994278113,0.6998999996185375,1.9698999996185194,1.5013999996186271,0.6153999996184893,1.1000999994278118,0.666800000190733,0.9316999998093252,0.6324999999999363,0.7555999994277727,4.864600000381415,5.797800000190705,4.0649000005722655,0.5978999996185621,0.7160999994277972,2.064900000572152]",-0.01296285,5.6867,0.0,6.0,6.0,69.0,1.0,glad,vglad,question_vocal.png,im_mouth.png,,,,,,
,,,993224,1,21,2023-09-14_15h58.55.794,flesh_expressibility_dutch,2022.2.4,Win32,60.04563468,,,,23.0,1.0,Nederlands,,,,,,Engels ,2.0,,0.0,,0.0,,0.0,,0.0,,0.0,,0.0,,0.0,NL,6.0,2.0,2.0,1.0,,sensorypref1,1280.0,720.0,,,,,,,,,,,,,,,,,,,,,,,,,,,,,,,,,,,,17.0,594.1453,48.0,"[1.6831999998092613,1.333200000762929,7.215300000190723,2.7153999996185405,4.165500000000009,0.7161999998092483,1.2166999998092933,4.220100000381478,1.5671000003814584,1.5811999998092574,0.6164999999999736,1.6330999994277704,0.6481999998092647,0.6842999992370551,2.766600000381459,0.6328999996185303,0.6986999998092642,0.6891999998092615,4.165800000190757,0.8493000001907376,5.7035000000000196,0.9150999994277527,4.615600000381448,0.767100000381447,1.1156000003814484,1.0995000000000346,0.5672000007629663,2.322499999999991,0.732699999809256,0.8673000001907099,0.6659999999999968,0.6505000000000223,0.6998999996185375,1.9698000001907303,1.5012999992371192,0.6151999998091924,1.1000000000000227,0.666800000190733,0.9316999998093252,0.6324000005721473,0.7554999999999836,4.864600000381415,5.797800000190705,4.064800000190758,0.5978999996185621,0.7160000000000082,2.064900000572152,0.587399999618583]","[1.6833000001907408,1.333200000762929,7.215300000190723,2.7154999999999916,4.165500000000009,0.7164000005722073,1.2168000001907444,4.220100000381478,1.5671000003814584,1.5813000001907085,0.6165999994277627,1.6332999992370674,0.6482999992370537,0.6845000000000141,2.766699999809248,0.6330000000000382,0.6988000001907722,0.6891999998092615,4.165900000572208,0.8493999996185266,5.703600000381471,0.9151999998092606,4.615700000762899,0.767100000381447,1.1157000007628994,1.0995999994278236,0.5673000001907553,2.322499999999991,0.7328000001907071,0.8674000005722178,0.6659999999999968,0.6505999994278113,0.6998999996185375,1.9698999996185194,1.5013999996186271,0.6153999996184893,1.1000999994278118,0.666800000190733,0.9316999998093252,0.6324999999999363,0.7555999994277727,4.864600000381415,5.797800000190705,4.0649000005722655,0.5978999996185621,0.7160999994277972,2.064900000572152,0.587399999618583]",0.218518575,4.7046,0.0,7.0,7.0,43.0,1.0,rivier,vrivier,question_vocal.png,im_mouth.png,,,,,,
,,,993224,1,21,2023-09-14_15h58.55.794,flesh_expressibility_dutch,2022.2.4,Win32,60.04563468,,,,23.0,1.0,Nederlands,,,,,,Engels ,2.0,,0.0,,0.0,,0.0,,0.0,,0.0,,0.0,,0.0,NL,6.0,2.0,2.0,1.0,,sensorypref1,1280.0,720.0,,,,,,,,,,,,,,,,,,,,,,,,,,,,,,,,,,,,13.0,599.3627,49.0,"[1.6831999998092613,1.333200000762929,7.215300000190723,2.7153999996185405,4.165500000000009,0.7161999998092483,1.2166999998092933,4.220100000381478,1.5671000003814584,1.5811999998092574,0.6164999999999736,1.6330999994277704,0.6481999998092647,0.6842999992370551,2.766600000381459,0.6328999996185303,0.6986999998092642,0.6891999998092615,4.165800000190757,0.8493000001907376,5.7035000000000196,0.9150999994277527,4.615600000381448,0.767100000381447,1.1156000003814484,1.0995000000000346,0.5672000007629663,2.322499999999991,0.732699999809256,0.8673000001907099,0.6659999999999968,0.6505000000000223,0.6998999996185375,1.9698000001907303,1.5012999992371192,0.6151999998091924,1.1000000000000227,0.666800000190733,0.9316999998093252,0.6324000005721473,0.7554999999999836,4.864600000381415,5.797800000190705,4.064800000190758,0.5978999996185621,0.7160000000000082,2.064900000572152,0.587399999618583,0.5995999994278236]","[1.6833000001907408,1.333200000762929,7.215300000190723,2.7154999999999916,4.165500000000009,0.7164000005722073,1.2168000001907444,4.220100000381478,1.5671000003814584,1.5813000001907085,0.6165999994277627,1.6332999992370674,0.6482999992370537,0.6845000000000141,2.766699999809248,0.6330000000000382,0.6988000001907722,0.6891999998092615,4.165900000572208,0.8493999996185266,5.703600000381471,0.9151999998092606,4.615700000762899,0.767100000381447,1.1157000007628994,1.0995999994278236,0.5673000001907553,2.322499999999991,0.7328000001907071,0.8674000005722178,0.6659999999999968,0.6505999994278113,0.6998999996185375,1.9698999996185194,1.5013999996186271,0.6153999996184893,1.1000999994278118,0.666800000190733,0.9316999998093252,0.6324999999999363,0.7555999994277727,4.864600000381415,5.797800000190705,4.0649000005722655,0.5978999996185621,0.7160999994277972,2.064900000572152,0.587399999618583,0.5996999998093315]",0.735185242,2.7495,0.0,8.0,8.0,155.0,1.0,zuigen,vzuigen,question_vocal.png,im_mouth.png,,,,,,
,,,993224,1,21,2023-09-14_15h58.55.794,flesh_expressibility_dutch,2022.2.4,Win32,60.04563468,,,,23.0,1.0,Nederlands,,,,,,Engels ,2.0,,0.0,,0.0,,0.0,,0.0,,0.0,,0.0,,0.0,NL,6.0,2.0,2.0,1.0,,sensorypref1,1280.0,720.0,,,,,,,,,,,,,,,,,,,,,,,,,,,,,,,,,,,,8.0,602.7459,50.0,"[1.6831999998092613,1.333200000762929,7.215300000190723,2.7153999996185405,4.165500000000009,0.7161999998092483,1.2166999998092933,4.220100000381478,1.5671000003814584,1.5811999998092574,0.6164999999999736,1.6330999994277704,0.6481999998092647,0.6842999992370551,2.766600000381459,0.6328999996185303,0.6986999998092642,0.6891999998092615,4.165800000190757,0.8493000001907376,5.7035000000000196,0.9150999994277527,4.615600000381448,0.767100000381447,1.1156000003814484,1.0995000000000346,0.5672000007629663,2.322499999999991,0.732699999809256,0.8673000001907099,0.6659999999999968,0.6505000000000223,0.6998999996185375,1.9698000001907303,1.5012999992371192,0.6151999998091924,1.1000000000000227,0.666800000190733,0.9316999998093252,0.6324000005721473,0.7554999999999836,4.864600000381415,5.797800000190705,4.064800000190758,0.5978999996185621,0.7160000000000082,2.064900000572152,0.587399999618583,0.5995999994278236,0.7823999996185194]","[1.6833000001907408,1.333200000762929,7.215300000190723,2.7154999999999916,4.165500000000009,0.7164000005722073,1.2168000001907444,4.220100000381478,1.5671000003814584,1.5813000001907085,0.6165999994277627,1.6332999992370674,0.6482999992370537,0.6845000000000141,2.766699999809248,0.6330000000000382,0.6988000001907722,0.6891999998092615,4.165900000572208,0.8493999996185266,5.703600000381471,0.9151999998092606,4.615700000762899,0.767100000381447,1.1157000007628994,1.0995999994278236,0.5673000001907553,2.322499999999991,0.7328000001907071,0.8674000005722178,0.6659999999999968,0.6505999994278113,0.6998999996185375,1.9698999996185194,1.5013999996186271,0.6153999996184893,1.1000999994278118,0.666800000190733,0.9316999998093252,0.6324999999999363,0.7555999994277727,4.864600000381415,5.797800000190705,4.0649000005722655,0.5978999996185621,0.7160999994277972,2.064900000572152,0.587399999618583,0.5996999998093315,0.7824999999999136]",-0.683333333,6.418900001,0.0,9.0,9.0,161.0,1.0,horen,vhoren,question_vocal.png,im_mouth.png,,,,,,
,,,993224,1,21,2023-09-14_15h58.55.794,flesh_expressibility_dutch,2022.2.4,Win32,60.04563468,,,,23.0,1.0,Nederlands,,,,,,Engels ,2.0,,0.0,,0.0,,0.0,,0.0,,0.0,,0.0,,0.0,NL,6.0,2.0,2.0,1.0,,sensorypref1,1280.0,720.0,,,,,,,,,,,,,,,,,,,,,,,,,,,,,,,,,,,,13.0,609.9203,51.0,"[1.6831999998092613,1.333200000762929,7.215300000190723,2.7153999996185405,4.165500000000009,0.7161999998092483,1.2166999998092933,4.220100000381478,1.5671000003814584,1.5811999998092574,0.6164999999999736,1.6330999994277704,0.6481999998092647,0.6842999992370551,2.766600000381459,0.6328999996185303,0.6986999998092642,0.6891999998092615,4.165800000190757,0.8493000001907376,5.7035000000000196,0.9150999994277527,4.615600000381448,0.767100000381447,1.1156000003814484,1.0995000000000346,0.5672000007629663,2.322499999999991,0.732699999809256,0.8673000001907099,0.6659999999999968,0.6505000000000223,0.6998999996185375,1.9698000001907303,1.5012999992371192,0.6151999998091924,1.1000000000000227,0.666800000190733,0.9316999998093252,0.6324000005721473,0.7554999999999836,4.864600000381415,5.797800000190705,4.064800000190758,0.5978999996185621,0.7160000000000082,2.064900000572152,0.587399999618583,0.5995999994278236,0.7823999996185194,3.6718000001907285]","[1.6833000001907408,1.333200000762929,7.215300000190723,2.7154999999999916,4.165500000000009,0.7164000005722073,1.2168000001907444,4.220100000381478,1.5671000003814584,1.5813000001907085,0.6165999994277627,1.6332999992370674,0.6482999992370537,0.6845000000000141,2.766699999809248,0.6330000000000382,0.6988000001907722,0.6891999998092615,4.165900000572208,0.8493999996185266,5.703600000381471,0.9151999998092606,4.615700000762899,0.767100000381447,1.1157000007628994,1.0995999994278236,0.5673000001907553,2.322499999999991,0.7328000001907071,0.8674000005722178,0.6659999999999968,0.6505999994278113,0.6998999996185375,1.9698999996185194,1.5013999996186271,0.6153999996184893,1.1000999994278118,0.666800000190733,0.9316999998093252,0.6324999999999363,0.7555999994277727,4.864600000381415,5.797800000190705,4.0649000005722655,0.5978999996185621,0.7160999994277972,2.064900000572152,0.587399999618583,0.5996999998093315,0.7824999999999136,3.6718000001907285]",-0.579629601,6.1712,0.0,10.0,10.0,147.0,1.0,knopen,vknopen,question_vocal.png,im_mouth.png,,,,,,
,,,993224,1,21,2023-09-14_15h58.55.794,flesh_expressibility_dutch,2022.2.4,Win32,60.04563468,,,,23.0,1.0,Nederlands,,,,,,Engels ,2.0,,0.0,,0.0,,0.0,,0.0,,0.0,,0.0,,0.0,NL,6.0,2.0,2.0,1.0,,sensorypref1,1280.0,720.0,,,,,,,,,,,,,,,,,,,,,,,,,,,,,,,,,,,,11.0,617.0841,52.0,"[1.6831999998092613,1.333200000762929,7.215300000190723,2.7153999996185405,4.165500000000009,0.7161999998092483,1.2166999998092933,4.220100000381478,1.5671000003814584,1.5811999998092574,0.6164999999999736,1.6330999994277704,0.6481999998092647,0.6842999992370551,2.766600000381459,0.6328999996185303,0.6986999998092642,0.6891999998092615,4.165800000190757,0.8493000001907376,5.7035000000000196,0.9150999994277527,4.615600000381448,0.767100000381447,1.1156000003814484,1.0995000000000346,0.5672000007629663,2.322499999999991,0.732699999809256,0.8673000001907099,0.6659999999999968,0.6505000000000223,0.6998999996185375,1.9698000001907303,1.5012999992371192,0.6151999998091924,1.1000000000000227,0.666800000190733,0.9316999998093252,0.6324000005721473,0.7554999999999836,4.864600000381415,5.797800000190705,4.064800000190758,0.5978999996185621,0.7160000000000082,2.064900000572152,0.587399999618583,0.5995999994278236,0.7823999996185194,3.6718000001907285,0.6333999996185185]","[1.6833000001907408,1.333200000762929,7.215300000190723,2.7154999999999916,4.165500000000009,0.7164000005722073,1.2168000001907444,4.220100000381478,1.5671000003814584,1.5813000001907085,0.6165999994277627,1.6332999992370674,0.6482999992370537,0.6845000000000141,2.766699999809248,0.6330000000000382,0.6988000001907722,0.6891999998092615,4.165900000572208,0.8493999996185266,5.703600000381471,0.9151999998092606,4.615700000762899,0.767100000381447,1.1157000007628994,1.0995999994278236,0.5673000001907553,2.322499999999991,0.7328000001907071,0.8674000005722178,0.6659999999999968,0.6505999994278113,0.6998999996185375,1.9698999996185194,1.5013999996186271,0.6153999996184893,1.1000999994278118,0.666800000190733,0.9316999998093252,0.6324999999999363,0.7555999994277727,4.864600000381415,5.797800000190705,4.0649000005722655,0.5978999996185621,0.7160999994277972,2.064900000572152,0.587399999618583,0.5996999998093315,0.7824999999999136,3.6718000001907285,0.6335000000000264]",0.262963019,5.331200001,0.0,11.0,11.0,110.0,1.0,tand,vtand,question_vocal.png,im_mouth.png,,,,,,
,,,993224,1,21,2023-09-14_15h58.55.794,flesh_expressibility_dutch,2022.2.4,Win32,60.04563468,,,,23.0,1.0,Nederlands,,,,,,Engels ,2.0,,0.0,,0.0,,0.0,,0.0,,0.0,,0.0,,0.0,NL,6.0,2.0,2.0,1.0,,sensorypref1,1280.0,720.0,,,,,,,,,,,,,,,,,,,,,,,,,,,,,,,,,,,,8.0,623.0213,53.0,"[1.6831999998092613,1.333200000762929,7.215300000190723,2.7153999996185405,4.165500000000009,0.7161999998092483,1.2166999998092933,4.220100000381478,1.5671000003814584,1.5811999998092574,0.6164999999999736,1.6330999994277704,0.6481999998092647,0.6842999992370551,2.766600000381459,0.6328999996185303,0.6986999998092642,0.6891999998092615,4.165800000190757,0.8493000001907376,5.7035000000000196,0.9150999994277527,4.615600000381448,0.767100000381447,1.1156000003814484,1.0995000000000346,0.5672000007629663,2.322499999999991,0.732699999809256,0.8673000001907099,0.6659999999999968,0.6505000000000223,0.6998999996185375,1.9698000001907303,1.5012999992371192,0.6151999998091924,1.1000000000000227,0.666800000190733,0.9316999998093252,0.6324000005721473,0.7554999999999836,4.864600000381415,5.797800000190705,4.064800000190758,0.5978999996185621,0.7160000000000082,2.064900000572152,0.587399999618583,0.5995999994278236,0.7823999996185194,3.6718000001907285,0.6333999996185185,1.8341999998092433]","[1.6833000001907408,1.333200000762929,7.215300000190723,2.7154999999999916,4.165500000000009,0.7164000005722073,1.2168000001907444,4.220100000381478,1.5671000003814584,1.5813000001907085,0.6165999994277627,1.6332999992370674,0.6482999992370537,0.6845000000000141,2.766699999809248,0.6330000000000382,0.6988000001907722,0.6891999998092615,4.165900000572208,0.8493999996185266,5.703600000381471,0.9151999998092606,4.615700000762899,0.767100000381447,1.1157000007628994,1.0995999994278236,0.5673000001907553,2.322499999999991,0.7328000001907071,0.8674000005722178,0.6659999999999968,0.6505999994278113,0.6998999996185375,1.9698999996185194,1.5013999996186271,0.6153999996184893,1.1000999994278118,0.666800000190733,0.9316999998093252,0.6324999999999363,0.7555999994277727,4.864600000381415,5.797800000190705,4.0649000005722655,0.5978999996185621,0.7160999994277972,2.064900000572152,0.587399999618583,0.5996999998093315,0.7824999999999136,3.6718000001907285,0.6335000000000264,1.8341999998092433]",-0.959259203,3.373400001,0.0,12.0,12.0,21.0,1.0,heden,vheden,question_vocal.png,im_mouth.png,,,,,,
,,,993224,1,21,2023-09-14_15h58.55.794,flesh_expressibility_dutch,2022.2.4,Win32,60.04563468,,,,23.0,1.0,Nederlands,,,,,,Engels ,2.0,,0.0,,0.0,,0.0,,0.0,,0.0,,0.0,,0.0,NL,6.0,2.0,2.0,1.0,,sensorypref1,1280.0,720.0,,,,,,,,,,,,,,,,,,,,,,,,,,,,,,,,,,,,12.0,627.2154,54.0,"[1.6831999998092613,1.333200000762929,7.215300000190723,2.7153999996185405,4.165500000000009,0.7161999998092483,1.2166999998092933,4.220100000381478,1.5671000003814584,1.5811999998092574,0.6164999999999736,1.6330999994277704,0.6481999998092647,0.6842999992370551,2.766600000381459,0.6328999996185303,0.6986999998092642,0.6891999998092615,4.165800000190757,0.8493000001907376,5.7035000000000196,0.9150999994277527,4.615600000381448,0.767100000381447,1.1156000003814484,1.0995000000000346,0.5672000007629663,2.322499999999991,0.732699999809256,0.8673000001907099,0.6659999999999968,0.6505000000000223,0.6998999996185375,1.9698000001907303,1.5012999992371192,0.6151999998091924,1.1000000000000227,0.666800000190733,0.9316999998093252,0.6324000005721473,0.7554999999999836,4.864600000381415,5.797800000190705,4.064800000190758,0.5978999996185621,0.7160000000000082,2.064900000572152,0.587399999618583,0.5995999994278236,0.7823999996185194,3.6718000001907285,0.6333999996185185,1.8341999998092433,0.6657999992370378]","[1.6833000001907408,1.333200000762929,7.215300000190723,2.7154999999999916,4.165500000000009,0.7164000005722073,1.2168000001907444,4.220100000381478,1.5671000003814584,1.5813000001907085,0.6165999994277627,1.6332999992370674,0.6482999992370537,0.6845000000000141,2.766699999809248,0.6330000000000382,0.6988000001907722,0.6891999998092615,4.165900000572208,0.8493999996185266,5.703600000381471,0.9151999998092606,4.615700000762899,0.767100000381447,1.1157000007628994,1.0995999994278236,0.5673000001907553,2.322499999999991,0.7328000001907071,0.8674000005722178,0.6659999999999968,0.6505999994278113,0.6998999996185375,1.9698999996185194,1.5013999996186271,0.6153999996184893,1.1000999994278118,0.666800000190733,0.9316999998093252,0.6324999999999363,0.7555999994277727,4.864600000381415,5.797800000190705,4.0649000005722655,0.5978999996185621,0.7160999994277972,2.064900000572152,0.587399999618583,0.5996999998093315,0.7824999999999136,3.6718000001907285,0.6335000000000264,1.8341999998092433,0.6657999992370378]",-0.55,6.8428,0.0,13.0,13.0,50.0,1.0,zwemmen,vzwemmen,question_vocal.png,im_mouth.png,,,,,,
,,,993224,1,21,2023-09-14_15h58.55.794,flesh_expressibility_dutch,2022.2.4,Win32,60.04563468,,,,23.0,1.0,Nederlands,,,,,,Engels ,2.0,,0.0,,0.0,,0.0,,0.0,,0.0,,0.0,,0.0,NL,6.0,2.0,2.0,1.0,,sensorypref1,1280.0,720.0,,,,,,,,,,,,,,,,,,,,,,,,,,,,,,,,,,,,13.0,634.7994,55.0,"[1.6831999998092613,1.333200000762929,7.215300000190723,2.7153999996185405,4.165500000000009,0.7161999998092483,1.2166999998092933,4.220100000381478,1.5671000003814584,1.5811999998092574,0.6164999999999736,1.6330999994277704,0.6481999998092647,0.6842999992370551,2.766600000381459,0.6328999996185303,0.6986999998092642,0.6891999998092615,4.165800000190757,0.8493000001907376,5.7035000000000196,0.9150999994277527,4.615600000381448,0.767100000381447,1.1156000003814484,1.0995000000000346,0.5672000007629663,2.322499999999991,0.732699999809256,0.8673000001907099,0.6659999999999968,0.6505000000000223,0.6998999996185375,1.9698000001907303,1.5012999992371192,0.6151999998091924,1.1000000000000227,0.666800000190733,0.9316999998093252,0.6324000005721473,0.7554999999999836,4.864600000381415,5.797800000190705,4.064800000190758,0.5978999996185621,0.7160000000000082,2.064900000572152,0.587399999618583,0.5995999994278236,0.7823999996185194,3.6718000001907285,0.6333999996185185,1.8341999998092433,0.6657999992370378,0.5835000000000719]","[1.6833000001907408,1.333200000762929,7.215300000190723,2.7154999999999916,4.165500000000009,0.7164000005722073,1.2168000001907444,4.220100000381478,1.5671000003814584,1.5813000001907085,0.6165999994277627,1.6332999992370674,0.6482999992370537,0.6845000000000141,2.766699999809248,0.6330000000000382,0.6988000001907722,0.6891999998092615,4.165900000572208,0.8493999996185266,5.703600000381471,0.9151999998092606,4.615700000762899,0.767100000381447,1.1157000007628994,1.0995999994278236,0.5673000001907553,2.322499999999991,0.7328000001907071,0.8674000005722178,0.6659999999999968,0.6505999994278113,0.6998999996185375,1.9698999996185194,1.5013999996186271,0.6153999996184893,1.1000999994278118,0.666800000190733,0.9316999998093252,0.6324999999999363,0.7555999994277727,4.864600000381415,5.797800000190705,4.0649000005722655,0.5978999996185621,0.7160999994277972,2.064900000572152,0.587399999618583,0.5996999998093315,0.7824999999999136,3.6718000001907285,0.6335000000000264,1.8341999998092433,0.6657999992370378,0.5835000000000719]",-0.027777778,5.2923,0.0,14.0,14.0,137.0,1.0,vallen,vvallen,question_vocal.png,im_mouth.png,,,,,,
,,,993224,1,21,2023-09-14_15h58.55.794,flesh_expressibility_dutch,2022.2.4,Win32,60.04563468,,,,23.0,1.0,Nederlands,,,,,,Engels ,2.0,,0.0,,0.0,,0.0,,0.0,,0.0,,0.0,,0.0,NL,6.0,2.0,2.0,1.0,,sensorypref1,1280.0,720.0,,,,,,,,,,,,,,,,,,,,,,,,,,,,,,,,,,,,15.0,640.6361,56.0,"[1.6831999998092613,1.333200000762929,7.215300000190723,2.7153999996185405,4.165500000000009,0.7161999998092483,1.2166999998092933,4.220100000381478,1.5671000003814584,1.5811999998092574,0.6164999999999736,1.6330999994277704,0.6481999998092647,0.6842999992370551,2.766600000381459,0.6328999996185303,0.6986999998092642,0.6891999998092615,4.165800000190757,0.8493000001907376,5.7035000000000196,0.9150999994277527,4.615600000381448,0.767100000381447,1.1156000003814484,1.0995000000000346,0.5672000007629663,2.322499999999991,0.732699999809256,0.8673000001907099,0.6659999999999968,0.6505000000000223,0.6998999996185375,1.9698000001907303,1.5012999992371192,0.6151999998091924,1.1000000000000227,0.666800000190733,0.9316999998093252,0.6324000005721473,0.7554999999999836,4.864600000381415,5.797800000190705,4.064800000190758,0.5978999996185621,0.7160000000000082,2.064900000572152,0.587399999618583,0.5995999994278236,0.7823999996185194,3.6718000001907285,0.6333999996185185,1.8341999998092433,0.6657999992370378,0.5835000000000719,2.504899999618601]","[1.6833000001907408,1.333200000762929,7.215300000190723,2.7154999999999916,4.165500000000009,0.7164000005722073,1.2168000001907444,4.220100000381478,1.5671000003814584,1.5813000001907085,0.6165999994277627,1.6332999992370674,0.6482999992370537,0.6845000000000141,2.766699999809248,0.6330000000000382,0.6988000001907722,0.6891999998092615,4.165900000572208,0.8493999996185266,5.703600000381471,0.9151999998092606,4.615700000762899,0.767100000381447,1.1157000007628994,1.0995999994278236,0.5673000001907553,2.322499999999991,0.7328000001907071,0.8674000005722178,0.6659999999999968,0.6505999994278113,0.6998999996185375,1.9698999996185194,1.5013999996186271,0.6153999996184893,1.1000999994278118,0.666800000190733,0.9316999998093252,0.6324999999999363,0.7555999994277727,4.864600000381415,5.797800000190705,4.0649000005722655,0.5978999996185621,0.7160999994277972,2.064900000572152,0.587399999618583,0.5996999998093315,0.7824999999999136,3.6718000001907285,0.6335000000000264,1.8341999998092433,0.6657999992370378,0.5835000000000719,2.5049999999999955]",0.78703715,4.154,0.0,15.0,15.0,103.0,1.0,vlieg,vvlieg,question_vocal.png,im_mouth.png,,,,,,
,,,993224,1,21,2023-09-14_15h58.55.794,flesh_expressibility_dutch,2022.2.4,Win32,60.04563468,,,,23.0,1.0,Nederlands,,,,,,Engels ,2.0,,0.0,,0.0,,0.0,,0.0,,0.0,,0.0,,0.0,NL,6.0,2.0,2.0,1.0,,sensorypref1,1280.0,720.0,,,,,,,,,,,,,,,,,,,,,,,,,,,,,,,,,,,,13.0,645.7555,57.0,"[1.6831999998092613,1.333200000762929,7.215300000190723,2.7153999996185405,4.165500000000009,0.7161999998092483,1.2166999998092933,4.220100000381478,1.5671000003814584,1.5811999998092574,0.6164999999999736,1.6330999994277704,0.6481999998092647,0.6842999992370551,2.766600000381459,0.6328999996185303,0.6986999998092642,0.6891999998092615,4.165800000190757,0.8493000001907376,5.7035000000000196,0.9150999994277527,4.615600000381448,0.767100000381447,1.1156000003814484,1.0995000000000346,0.5672000007629663,2.322499999999991,0.732699999809256,0.8673000001907099,0.6659999999999968,0.6505000000000223,0.6998999996185375,1.9698000001907303,1.5012999992371192,0.6151999998091924,1.1000000000000227,0.666800000190733,0.9316999998093252,0.6324000005721473,0.7554999999999836,4.864600000381415,5.797800000190705,4.064800000190758,0.5978999996185621,0.7160000000000082,2.064900000572152,0.587399999618583,0.5995999994278236,0.7823999996185194,3.6718000001907285,0.6333999996185185,1.8341999998092433,0.6657999992370378,0.5835000000000719,2.504899999618601,0.6000000000000227]","[1.6833000001907408,1.333200000762929,7.215300000190723,2.7154999999999916,4.165500000000009,0.7164000005722073,1.2168000001907444,4.220100000381478,1.5671000003814584,1.5813000001907085,0.6165999994277627,1.6332999992370674,0.6482999992370537,0.6845000000000141,2.766699999809248,0.6330000000000382,0.6988000001907722,0.6891999998092615,4.165900000572208,0.8493999996185266,5.703600000381471,0.9151999998092606,4.615700000762899,0.767100000381447,1.1157000007628994,1.0995999994278236,0.5673000001907553,2.322499999999991,0.7328000001907071,0.8674000005722178,0.6659999999999968,0.6505999994278113,0.6998999996185375,1.9698999996185194,1.5013999996186271,0.6153999996184893,1.1000999994278118,0.666800000190733,0.9316999998093252,0.6324999999999363,0.7555999994277727,4.864600000381415,5.797800000190705,4.0649000005722655,0.5978999996185621,0.7160999994277972,2.064900000572152,0.587399999618583,0.5996999998093315,0.7824999999999136,3.6718000001907285,0.6335000000000264,1.8341999998092433,0.6657999992370378,0.5835000000000719,2.5049999999999955,0.6000000000000227]",0.029629686,4.899099999,0.0,16.0,16.0,92.0,1.0,heet,vheet,question_vocal.png,im_mouth.png,,,,,,
,,,993224,1,21,2023-09-14_15h58.55.794,flesh_expressibility_dutch,2022.2.4,Win32,60.04563468,,,,23.0,1.0,Nederlands,,,,,,Engels ,2.0,,0.0,,0.0,,0.0,,0.0,,0.0,,0.0,,0.0,NL,6.0,2.0,2.0,1.0,,sensorypref1,1280.0,720.0,,,,,,,,,,,,,,,,,,,,,,,,,,,,,,,,,,,,11.0,651.1839,58.0,"[1.6831999998092613,1.333200000762929,7.215300000190723,2.7153999996185405,4.165500000000009,0.7161999998092483,1.2166999998092933,4.220100000381478,1.5671000003814584,1.5811999998092574,0.6164999999999736,1.6330999994277704,0.6481999998092647,0.6842999992370551,2.766600000381459,0.6328999996185303,0.6986999998092642,0.6891999998092615,4.165800000190757,0.8493000001907376,5.7035000000000196,0.9150999994277527,4.615600000381448,0.767100000381447,1.1156000003814484,1.0995000000000346,0.5672000007629663,2.322499999999991,0.732699999809256,0.8673000001907099,0.6659999999999968,0.6505000000000223,0.6998999996185375,1.9698000001907303,1.5012999992371192,0.6151999998091924,1.1000000000000227,0.666800000190733,0.9316999998093252,0.6324000005721473,0.7554999999999836,4.864600000381415,5.797800000190705,4.064800000190758,0.5978999996185621,0.7160000000000082,2.064900000572152,0.587399999618583,0.5995999994278236,0.7823999996185194,3.6718000001907285,0.6333999996185185,1.8341999998092433,0.6657999992370378,0.5835000000000719,2.504899999618601,0.6000000000000227,0.8833000001907294]","[1.6833000001907408,1.333200000762929,7.215300000190723,2.7154999999999916,4.165500000000009,0.7164000005722073,1.2168000001907444,4.220100000381478,1.5671000003814584,1.5813000001907085,0.6165999994277627,1.6332999992370674,0.6482999992370537,0.6845000000000141,2.766699999809248,0.6330000000000382,0.6988000001907722,0.6891999998092615,4.165900000572208,0.8493999996185266,5.703600000381471,0.9151999998092606,4.615700000762899,0.767100000381447,1.1157000007628994,1.0995999994278236,0.5673000001907553,2.322499999999991,0.7328000001907071,0.8674000005722178,0.6659999999999968,0.6505999994278113,0.6998999996185375,1.9698999996185194,1.5013999996186271,0.6153999996184893,1.1000999994278118,0.666800000190733,0.9316999998093252,0.6324999999999363,0.7555999994277727,4.864600000381415,5.797800000190705,4.0649000005722655,0.5978999996185621,0.7160999994277972,2.064900000572152,0.587399999618583,0.5996999998093315,0.7824999999999136,3.6718000001907285,0.6335000000000264,1.8341999998092433,0.6657999992370378,0.5835000000000719,2.5049999999999955,0.6000000000000227,0.8834999999999127]",-0.555555556,2.5039,0.0,17.0,17.0,115.0,1.0,oor,voor,question_vocal.png,im_mouth.png,,,,,,
,,,993224,1,21,2023-09-14_15h58.55.794,flesh_expressibility_dutch,2022.2.4,Win32,60.04563468,,,,23.0,1.0,Nederlands,,,,,,Engels ,2.0,,0.0,,0.0,,0.0,,0.0,,0.0,,0.0,,0.0,NL,6.0,2.0,2.0,1.0,,sensorypref1,1280.0,720.0,,,,,,,,,,,,,,,,,,,,,,,,,,,,,,,,,,,,14.0,654.5613,59.0,"[1.6831999998092613,1.333200000762929,7.215300000190723,2.7153999996185405,4.165500000000009,0.7161999998092483,1.2166999998092933,4.220100000381478,1.5671000003814584,1.5811999998092574,0.6164999999999736,1.6330999994277704,0.6481999998092647,0.6842999992370551,2.766600000381459,0.6328999996185303,0.6986999998092642,0.6891999998092615,4.165800000190757,0.8493000001907376,5.7035000000000196,0.9150999994277527,4.615600000381448,0.767100000381447,1.1156000003814484,1.0995000000000346,0.5672000007629663,2.322499999999991,0.732699999809256,0.8673000001907099,0.6659999999999968,0.6505000000000223,0.6998999996185375,1.9698000001907303,1.5012999992371192,0.6151999998091924,1.1000000000000227,0.666800000190733,0.9316999998093252,0.6324000005721473,0.7554999999999836,4.864600000381415,5.797800000190705,4.064800000190758,0.5978999996185621,0.7160000000000082,2.064900000572152,0.587399999618583,0.5995999994278236,0.7823999996185194,3.6718000001907285,0.6333999996185185,1.8341999998092433,0.6657999992370378,0.5835000000000719,2.504899999618601,0.6000000000000227,0.8833000001907294,0.6513999996185476]","[1.6833000001907408,1.333200000762929,7.215300000190723,2.7154999999999916,4.165500000000009,0.7164000005722073,1.2168000001907444,4.220100000381478,1.5671000003814584,1.5813000001907085,0.6165999994277627,1.6332999992370674,0.6482999992370537,0.6845000000000141,2.766699999809248,0.6330000000000382,0.6988000001907722,0.6891999998092615,4.165900000572208,0.8493999996185266,5.703600000381471,0.9151999998092606,4.615700000762899,0.767100000381447,1.1157000007628994,1.0995999994278236,0.5673000001907553,2.322499999999991,0.7328000001907071,0.8674000005722178,0.6659999999999968,0.6505999994278113,0.6998999996185375,1.9698999996185194,1.5013999996186271,0.6153999996184893,1.1000999994278118,0.666800000190733,0.9316999998093252,0.6324999999999363,0.7555999994277727,4.864600000381415,5.797800000190705,4.0649000005722655,0.5978999996185621,0.7160999994277972,2.064900000572152,0.587399999618583,0.5996999998093315,0.7824999999999136,3.6718000001907285,0.6335000000000264,1.8341999998092433,0.6657999992370378,0.5835000000000719,2.5049999999999955,0.6000000000000227,0.8834999999999127,0.6513999996185476]",-0.422222222,8.321200001,0.0,18.0,18.0,66.0,1.0,"bot (kenmerk, niet lichaam)","vbot (kenmerk, niet lichaam)",question_vocal.png,im_mouth.png,,,,,,
,,,993224,1,21,2023-09-14_15h58.55.794,flesh_expressibility_dutch,2022.2.4,Win32,60.04563468,,,,23.0,1.0,Nederlands,,,,,,Engels ,2.0,,0.0,,0.0,,0.0,,0.0,,0.0,,0.0,,0.0,NL,6.0,2.0,2.0,1.0,,sensorypref1,1280.0,720.0,,,,,,,,,,,,,,,,,,,,,,,,,,,,,,,,,,,,12.0,663.5743,60.0,"[1.6831999998092613,1.333200000762929,7.215300000190723,2.7153999996185405,4.165500000000009,0.7161999998092483,1.2166999998092933,4.220100000381478,1.5671000003814584,1.5811999998092574,0.6164999999999736,1.6330999994277704,0.6481999998092647,0.6842999992370551,2.766600000381459,0.6328999996185303,0.6986999998092642,0.6891999998092615,4.165800000190757,0.8493000001907376,5.7035000000000196,0.9150999994277527,4.615600000381448,0.767100000381447,1.1156000003814484,1.0995000000000346,0.5672000007629663,2.322499999999991,0.732699999809256,0.8673000001907099,0.6659999999999968,0.6505000000000223,0.6998999996185375,1.9698000001907303,1.5012999992371192,0.6151999998091924,1.1000000000000227,0.666800000190733,0.9316999998093252,0.6324000005721473,0.7554999999999836,4.864600000381415,5.797800000190705,4.064800000190758,0.5978999996185621,0.7160000000000082,2.064900000572152,0.587399999618583,0.5995999994278236,0.7823999996185194,3.6718000001907285,0.6333999996185185,1.8341999998092433,0.6657999992370378,0.5835000000000719,2.504899999618601,0.6000000000000227,0.8833000001907294,0.6513999996185476,0.7668000001907558]","[1.6833000001907408,1.333200000762929,7.215300000190723,2.7154999999999916,4.165500000000009,0.7164000005722073,1.2168000001907444,4.220100000381478,1.5671000003814584,1.5813000001907085,0.6165999994277627,1.6332999992370674,0.6482999992370537,0.6845000000000141,2.766699999809248,0.6330000000000382,0.6988000001907722,0.6891999998092615,4.165900000572208,0.8493999996185266,5.703600000381471,0.9151999998092606,4.615700000762899,0.767100000381447,1.1157000007628994,1.0995999994278236,0.5673000001907553,2.322499999999991,0.7328000001907071,0.8674000005722178,0.6659999999999968,0.6505999994278113,0.6998999996185375,1.9698999996185194,1.5013999996186271,0.6153999996184893,1.1000999994278118,0.666800000190733,0.9316999998093252,0.6324999999999363,0.7555999994277727,4.864600000381415,5.797800000190705,4.0649000005722655,0.5978999996185621,0.7160999994277972,2.064900000572152,0.587399999618583,0.5996999998093315,0.7824999999999136,3.6718000001907285,0.6335000000000264,1.8341999998092433,0.6657999992370378,0.5835000000000719,2.5049999999999955,0.6000000000000227,0.8834999999999127,0.6513999996185476,0.7669000005722637]",-0.848148092,4.0035,0.0,19.0,19.0,167.0,1.0,rood,vrood,question_vocal.png,im_mouth.png,,,,,,
,,,993224,1,21,2023-09-14_15h58.55.794,flesh_expressibility_dutch,2022.2.4,Win32,60.04563468,,,,23.0,1.0,Nederlands,,,,,,Engels ,2.0,,0.0,,0.0,,0.0,,0.0,,0.0,,0.0,,0.0,NL,6.0,2.0,2.0,1.0,,sensorypref1,1280.0,720.0,,,,,,,,,,,,,,,,,,,,,,,,,,,,,,,,,,,,,,,,,,,,,,,,,,,,,,,,,
,,,993224,1,21,2023-09-14_15h58.55.794,flesh_expressibility_dutch,2022.2.4,Win32,60.04563468,,,,23.0,1.0,Nederlands,,,,,,Engels ,2.0,,0.0,,0.0,,0.0,,0.0,,0.0,,0.0,,0.0,NL,6.0,2.0,2.0,1.0,,sensorypref1,1280.0,720.0,,,,,,,,,,,,,,,,,,,,,,,,,,,,,,,,,,,,,,,,,,,,,,,,,,,,1.0,,nvt,,,
,,,993224,1,21,2023-09-14_15h58.55.794,flesh_expressibility_dutch,2022.2.4,Win32,60.04563468,,,,23.0,1.0,Nederlands,,,,,,Engels ,2.0,,0.0,,0.0,,0.0,,0.0,,0.0,,0.0,,0.0,NL,6.0,2.0,2.0,1.0,,sensorypref1,1280.0,720.0,,,,,,,,,,,,,,,,,,,,,,,,,,,,,,,,,,,,,,,,,,,,,,,,,,,,1.0,,nvt,,,
,,,993224,1,21,2023-09-14_15h58.55.794,flesh_expressibility_dutch,2022.2.4,Win32,60.04563468,,,,23.0,1.0,Nederlands,,,,,,Engels ,2.0,,0.0,,0.0,,0.0,,0.0,,0.0,,0.0,,0.0,NL,6.0,2.0,2.0,1.0,,sensorypref1,1280.0,720.0,,,,,,,,,,,,,,,,,,,,,,,,,,,,,,,,,,,,,,,,,,,,,,,,,,,,1.0,,nvt,1.0,[678.1630999994278],[678.1631999998093]
